order_id,user_id,item_id,item_name,category,quantity,total_price,timestamp
1,U186,D05,Idli,Breakfast,1,50,2025-10-23 06:12:00
2,U163,D03,Tea,Beverage,1,15,2025-10-29 18:34:00
3,U099,D10,Shake,Beverage,1,70,2025-10-19 17:55:00
4,U179,D03,Tea,Beverage,1,15,2025-10-25 06:13:00
5,U135,D02,Paneer Roll,Lunch,1,120,2025-10-12 06:10:00
6,U039,D06,Poha,Breakfast,1,40,2025-10-22 12:47:00
7,U087,D02,Paneer Roll,Lunch,1,120,2025-11-02 11:05:00
8,U089,D05,Idli,Breakfast,1,50,2025-11-02 08:16:00
9,U180,D03,Tea,Beverage,1,15,2025-10-03 07:00:00
10,U006,D02,Paneer Roll,Lunch,1,120,2025-10-23 11:12:00
11,U147,D10,Shake,Beverage,1,70,2025-10-31 18:36:00
12,U173,D10,Shake,Beverage,1,70,2025-10-11 16:51:00
13,U002,D07,Coffee,Beverage,1,25,2025-10-02 08:54:00
14,U100,D07,Coffee,Beverage,2,50,2025-10-12 20:22:00
15,U041,D01,Samosa,Snack,1,20,2025-11-02 06:06:00
16,U073,D01,Samosa,Snack,1,20,2025-10-14 12:02:00
17,U193,D07,Coffee,Beverage,1,25,2025-10-19 17:23:00
18,U063,D02,Paneer Roll,Lunch,1,120,2025-10-17 08:23:00
19,U182,D08,Veg Thali,Lunch,1,90,2025-10-03 10:43:00
20,U119,D07,Coffee,Beverage,1,25,2025-11-03 16:56:00
21,U016,D10,Shake,Beverage,1,70,2025-10-08 17:40:00
22,U086,D07,Coffee,Beverage,1,25,2025-11-01 07:30:00
23,U097,D03,Tea,Beverage,1,15,2025-10-06 07:44:00
24,U070,D01,Samosa,Snack,1,20,2025-10-14 17:25:00
25,U191,D04,Burger,Snack,1,60,2025-10-02 12:30:00
26,U017,D08,Veg Thali,Lunch,1,90,2025-10-23 14:50:00
27,U158,D06,Poha,Breakfast,1,40,2025-10-07 06:43:00
28,U068,D03,Tea,Beverage,3,45,2025-10-15 06:27:00
29,U063,D03,Tea,Beverage,1,15,2025-10-19 12:26:00
30,U062,D08,Veg Thali,Lunch,1,90,2025-10-09 18:33:00
31,U090,D03,Tea,Beverage,1,15,2025-10-25 14:57:00
32,U116,D04,Burger,Snack,1,60,2025-10-21 13:57:00
33,U036,D02,Paneer Roll,Lunch,1,120,2025-11-04 07:06:00
34,U163,D03,Tea,Beverage,1,15,2025-11-02 06:26:00
35,U147,D08,Veg Thali,Lunch,1,90,2025-10-09 14:16:00
36,U081,D01,Samosa,Snack,1,20,2025-10-03 18:25:00
37,U049,D01,Samosa,Snack,1,20,2025-11-02 09:40:00
38,U099,D03,Tea,Beverage,1,15,2025-10-16 18:13:00
39,U006,D01,Samosa,Snack,1,20,2025-10-31 20:14:00
40,U121,D03,Tea,Beverage,1,15,2025-10-18 19:51:00
41,U099,D01,Samosa,Snack,1,20,2025-10-21 11:57:00
42,U163,D02,Paneer Roll,Lunch,1,120,2025-10-23 16:08:00
43,U177,D03,Tea,Beverage,2,30,2025-10-29 09:40:00
44,U110,D08,Veg Thali,Lunch,1,90,2025-10-11 19:35:00
45,U167,D05,Idli,Breakfast,1,50,2025-10-15 21:39:00
46,U070,D06,Poha,Breakfast,1,40,2025-10-24 17:12:00
47,U197,D03,Tea,Beverage,1,15,2025-10-26 12:57:00
48,U121,D06,Poha,Breakfast,3,120,2025-10-02 06:37:00
49,U032,D05,Idli,Breakfast,1,50,2025-10-20 16:56:00
50,U110,D03,Tea,Beverage,1,15,2025-10-09 16:03:00
51,U128,D08,Veg Thali,Lunch,1,90,2025-11-03 09:55:00
52,U137,D02,Paneer Roll,Lunch,1,120,2025-10-09 18:28:00
53,U144,D04,Burger,Snack,1,60,2025-10-16 08:10:00
54,U112,D10,Shake,Beverage,2,140,2025-10-27 17:53:00
55,U050,D03,Tea,Beverage,1,15,2025-10-18 17:36:00
56,U077,D03,Tea,Beverage,1,15,2025-10-19 21:38:00
57,U089,D08,Veg Thali,Lunch,1,90,2025-10-26 12:29:00
58,U030,D05,Idli,Breakfast,1,50,2025-10-07 06:05:00
59,U136,D09,Paratha,Breakfast,1,45,2025-10-14 16:55:00
60,U059,D02,Paneer Roll,Lunch,1,120,2025-10-10 17:08:00
61,U139,D05,Idli,Breakfast,1,50,2025-10-07 20:21:00
62,U099,D08,Veg Thali,Lunch,1,90,2025-10-11 06:44:00
63,U164,D08,Veg Thali,Lunch,1,90,2025-11-02 11:14:00
64,U106,D02,Paneer Roll,Lunch,1,120,2025-10-20 18:03:00
65,U053,D08,Veg Thali,Lunch,1,90,2025-10-31 11:45:00
66,U116,D10,Shake,Beverage,1,70,2025-10-18 17:35:00
67,U175,D05,Idli,Breakfast,1,50,2025-10-11 07:46:00
68,U016,D03,Tea,Beverage,1,15,2025-10-19 09:35:00
69,U129,D02,Paneer Roll,Lunch,1,120,2025-10-16 19:04:00
70,U187,D03,Tea,Beverage,1,15,2025-10-06 14:56:00
71,U146,D07,Coffee,Beverage,2,50,2025-10-21 09:47:00
72,U058,D03,Tea,Beverage,1,15,2025-10-16 21:52:00
73,U064,D05,Idli,Breakfast,1,50,2025-10-06 13:00:00
74,U022,D06,Poha,Breakfast,1,40,2025-10-16 06:46:00
75,U027,D02,Paneer Roll,Lunch,1,120,2025-10-23 06:30:00
76,U072,D07,Coffee,Beverage,1,25,2025-10-01 08:20:00
77,U035,D01,Samosa,Snack,1,20,2025-10-10 06:32:00
78,U156,D06,Poha,Breakfast,1,40,2025-10-20 19:34:00
79,U030,D05,Idli,Breakfast,1,50,2025-11-01 17:19:00
80,U007,D03,Tea,Beverage,1,15,2025-10-23 17:57:00
81,U002,D09,Paratha,Breakfast,1,45,2025-10-02 09:57:00
82,U120,D03,Tea,Beverage,1,15,2025-10-31 19:30:00
83,U184,D09,Paratha,Breakfast,1,45,2025-11-03 06:34:00
84,U118,D03,Tea,Beverage,1,15,2025-10-10 08:18:00
85,U194,D03,Tea,Beverage,1,15,2025-10-14 09:51:00
86,U120,D08,Veg Thali,Lunch,1,90,2025-11-03 12:38:00
87,U098,D03,Tea,Beverage,1,15,2025-10-31 14:04:00
88,U194,D03,Tea,Beverage,1,15,2025-10-06 09:44:00
89,U159,D02,Paneer Roll,Lunch,1,120,2025-10-07 07:51:00
90,U115,D03,Tea,Beverage,1,15,2025-10-03 07:30:00
91,U167,D08,Veg Thali,Lunch,1,90,2025-10-01 18:40:00
92,U098,D04,Burger,Snack,1,60,2025-10-31 06:43:00
93,U187,D03,Tea,Beverage,1,15,2025-10-22 19:50:00
94,U108,D07,Coffee,Beverage,1,25,2025-10-26 06:55:00
95,U050,D09,Paratha,Breakfast,1,45,2025-10-24 13:30:00
96,U143,D03,Tea,Beverage,1,15,2025-10-16 12:28:00
97,U105,D02,Paneer Roll,Lunch,1,120,2025-10-21 09:29:00
98,U114,D01,Samosa,Snack,1,20,2025-10-30 21:05:00
99,U188,D01,Samosa,Snack,1,20,2025-10-02 18:39:00
100,U027,D01,Samosa,Snack,1,20,2025-10-30 06:52:00
101,U003,D07,Coffee,Beverage,1,25,2025-10-02 06:56:00
102,U185,D06,Poha,Breakfast,1,40,2025-10-13 19:30:00
103,U015,D02,Paneer Roll,Lunch,1,120,2025-10-16 08:01:00
104,U085,D04,Burger,Snack,1,60,2025-11-03 13:24:00
105,U188,D03,Tea,Beverage,1,15,2025-10-08 13:11:00
106,U128,D07,Coffee,Beverage,1,25,2025-10-28 11:32:00
107,U053,D04,Burger,Snack,1,60,2025-10-13 16:50:00
108,U143,D08,Veg Thali,Lunch,1,90,2025-11-03 21:31:00
109,U098,D08,Veg Thali,Lunch,1,90,2025-11-04 20:58:00
110,U144,D03,Tea,Beverage,1,15,2025-10-23 10:53:00
111,U013,D08,Veg Thali,Lunch,1,90,2025-10-29 10:43:00
112,U084,D06,Poha,Breakfast,2,80,2025-10-01 12:47:00
113,U086,D06,Poha,Breakfast,1,40,2025-10-12 20:36:00
114,U044,D04,Burger,Snack,1,60,2025-10-22 07:17:00
115,U189,D03,Tea,Beverage,1,15,2025-10-24 15:38:00
116,U014,D03,Tea,Beverage,1,15,2025-10-04 21:55:00
117,U193,D06,Poha,Breakfast,1,40,2025-11-03 07:45:00
118,U075,D01,Samosa,Snack,1,20,2025-10-27 13:50:00
119,U087,D03,Tea,Beverage,1,15,2025-11-03 12:09:00
120,U168,D09,Paratha,Breakfast,1,45,2025-10-17 21:36:00
121,U142,D07,Coffee,Beverage,1,25,2025-10-24 08:29:00
122,U170,D01,Samosa,Snack,1,20,2025-10-22 14:21:00
123,U065,D02,Paneer Roll,Lunch,1,120,2025-10-25 15:17:00
124,U143,D06,Poha,Breakfast,1,40,2025-10-07 14:37:00
125,U043,D03,Tea,Beverage,1,15,2025-10-25 10:31:00
126,U042,D08,Veg Thali,Lunch,1,90,2025-10-21 19:32:00
127,U032,D02,Paneer Roll,Lunch,1,120,2025-10-23 18:13:00
128,U179,D09,Paratha,Breakfast,1,45,2025-10-03 14:03:00
129,U127,D01,Samosa,Snack,1,20,2025-11-04 11:21:00
130,U056,D03,Tea,Beverage,1,15,2025-10-12 20:07:00
131,U028,D04,Burger,Snack,1,60,2025-10-26 12:47:00
132,U136,D03,Tea,Beverage,1,15,2025-11-02 21:29:00
133,U108,D05,Idli,Breakfast,1,50,2025-10-11 12:23:00
134,U081,D10,Shake,Beverage,1,70,2025-10-19 14:13:00
135,U160,D01,Samosa,Snack,1,20,2025-10-21 14:18:00
136,U028,D04,Burger,Snack,1,60,2025-10-19 15:33:00
137,U177,D02,Paneer Roll,Lunch,1,120,2025-11-04 12:47:00
138,U128,D03,Tea,Beverage,1,15,2025-11-04 07:25:00
139,U200,D01,Samosa,Snack,1,20,2025-10-16 08:49:00
140,U157,D03,Tea,Beverage,1,15,2025-11-04 11:18:00
141,U139,D04,Burger,Snack,1,60,2025-10-10 21:08:00
142,U064,D02,Paneer Roll,Lunch,2,240,2025-10-06 06:46:00
143,U195,D04,Burger,Snack,1,60,2025-10-19 07:17:00
144,U164,D08,Veg Thali,Lunch,1,90,2025-10-15 18:47:00
145,U117,D02,Paneer Roll,Lunch,1,120,2025-10-13 07:32:00
146,U052,D01,Samosa,Snack,1,20,2025-11-01 08:08:00
147,U197,D02,Paneer Roll,Lunch,1,120,2025-10-16 17:09:00
148,U107,D04,Burger,Snack,1,60,2025-10-21 15:22:00
149,U038,D01,Samosa,Snack,1,20,2025-10-07 16:53:00
150,U167,D08,Veg Thali,Lunch,1,90,2025-10-25 09:05:00
151,U025,D02,Paneer Roll,Lunch,1,120,2025-10-24 19:50:00
152,U121,D05,Idli,Breakfast,1,50,2025-10-04 15:31:00
153,U025,D08,Veg Thali,Lunch,1,90,2025-10-21 15:38:00
154,U136,D01,Samosa,Snack,2,40,2025-10-02 14:24:00
155,U102,D05,Idli,Breakfast,1,50,2025-10-10 15:53:00
156,U112,D10,Shake,Beverage,1,70,2025-11-02 12:33:00
157,U043,D02,Paneer Roll,Lunch,1,120,2025-11-04 14:41:00
158,U111,D02,Paneer Roll,Lunch,1,120,2025-10-19 10:29:00
159,U076,D05,Idli,Breakfast,1,50,2025-10-15 08:24:00
160,U063,D02,Paneer Roll,Lunch,3,360,2025-10-17 15:55:00
161,U072,D02,Paneer Roll,Lunch,1,120,2025-11-03 20:28:00
162,U158,D05,Idli,Breakfast,1,50,2025-10-31 12:29:00
163,U008,D02,Paneer Roll,Lunch,1,120,2025-10-16 16:51:00
164,U069,D04,Burger,Snack,1,60,2025-10-01 12:04:00
165,U085,D03,Tea,Beverage,1,15,2025-10-13 16:23:00
166,U174,D01,Samosa,Snack,1,20,2025-10-09 17:55:00
167,U036,D07,Coffee,Beverage,1,25,2025-10-28 09:23:00
168,U198,D06,Poha,Breakfast,1,40,2025-10-25 19:49:00
169,U185,D10,Shake,Beverage,1,70,2025-10-11 14:28:00
170,U029,D06,Poha,Breakfast,1,40,2025-10-17 18:15:00
171,U089,D01,Samosa,Snack,1,20,2025-10-20 21:26:00
172,U001,D05,Idli,Breakfast,1,50,2025-10-08 06:45:00
173,U197,D02,Paneer Roll,Lunch,1,120,2025-10-08 07:57:00
174,U015,D08,Veg Thali,Lunch,1,90,2025-10-06 10:59:00
175,U199,D07,Coffee,Beverage,1,25,2025-10-21 09:29:00
176,U088,D03,Tea,Beverage,1,15,2025-10-19 09:10:00
177,U182,D04,Burger,Snack,1,60,2025-10-15 06:02:00
178,U004,D08,Veg Thali,Lunch,1,90,2025-10-18 19:36:00
179,U194,D02,Paneer Roll,Lunch,1,120,2025-11-02 07:42:00
180,U077,D05,Idli,Breakfast,1,50,2025-11-03 16:24:00
181,U065,D08,Veg Thali,Lunch,1,90,2025-10-26 19:58:00
182,U164,D03,Tea,Beverage,1,15,2025-10-17 20:05:00
183,U193,D01,Samosa,Snack,1,20,2025-10-02 21:13:00
184,U181,D03,Tea,Beverage,1,15,2025-10-22 07:47:00
185,U185,D07,Coffee,Beverage,1,25,2025-10-09 13:56:00
186,U078,D09,Paratha,Breakfast,1,45,2025-10-31 12:37:00
187,U024,D01,Samosa,Snack,1,20,2025-11-02 12:49:00
188,U087,D05,Idli,Breakfast,1,50,2025-10-28 12:53:00
189,U142,D02,Paneer Roll,Lunch,1,120,2025-10-03 08:03:00
190,U139,D03,Tea,Beverage,1,15,2025-11-02 17:12:00
191,U060,D03,Tea,Beverage,1,15,2025-10-04 15:16:00
192,U123,D09,Paratha,Breakfast,1,45,2025-11-02 10:41:00
193,U155,D01,Samosa,Snack,1,20,2025-10-02 09:10:00
194,U094,D03,Tea,Beverage,1,15,2025-10-06 12:31:00
195,U163,D09,Paratha,Breakfast,2,90,2025-10-10 09:13:00
196,U196,D06,Poha,Breakfast,1,40,2025-11-04 12:23:00
197,U031,D01,Samosa,Snack,2,40,2025-10-14 18:31:00
198,U119,D01,Samosa,Snack,1,20,2025-11-01 15:17:00
199,U032,D06,Poha,Breakfast,1,40,2025-10-08 06:01:00
200,U056,D09,Paratha,Breakfast,1,45,2025-10-27 15:43:00
201,U065,D02,Paneer Roll,Lunch,1,120,2025-10-27 10:11:00
202,U150,D07,Coffee,Beverage,1,25,2025-10-03 14:51:00
203,U060,D02,Paneer Roll,Lunch,1,120,2025-10-07 16:53:00
204,U060,D01,Samosa,Snack,3,60,2025-10-22 16:56:00
205,U152,D02,Paneer Roll,Lunch,1,120,2025-10-29 13:09:00
206,U078,D10,Shake,Beverage,1,70,2025-10-31 11:15:00
207,U048,D08,Veg Thali,Lunch,1,90,2025-10-02 07:02:00
208,U132,D09,Paratha,Breakfast,1,45,2025-10-12 20:40:00
209,U003,D03,Tea,Beverage,1,15,2025-10-09 16:46:00
210,U054,D02,Paneer Roll,Lunch,1,120,2025-10-30 20:23:00
211,U185,D08,Veg Thali,Lunch,1,90,2025-10-27 09:33:00
212,U019,D03,Tea,Beverage,1,15,2025-10-14 08:30:00
213,U129,D09,Paratha,Breakfast,1,45,2025-10-16 12:57:00
214,U005,D02,Paneer Roll,Lunch,1,120,2025-10-12 09:25:00
215,U045,D04,Burger,Snack,1,60,2025-10-08 10:16:00
216,U098,D04,Burger,Snack,2,120,2025-10-09 09:17:00
217,U165,D05,Idli,Breakfast,1,50,2025-10-22 10:51:00
218,U147,D05,Idli,Breakfast,1,50,2025-10-04 20:50:00
219,U185,D06,Poha,Breakfast,1,40,2025-10-07 18:45:00
220,U178,D08,Veg Thali,Lunch,1,90,2025-11-03 13:08:00
221,U197,D03,Tea,Beverage,1,15,2025-10-25 17:37:00
222,U165,D05,Idli,Breakfast,1,50,2025-10-07 12:11:00
223,U090,D02,Paneer Roll,Lunch,1,120,2025-10-28 08:58:00
224,U164,D10,Shake,Beverage,1,70,2025-11-03 16:06:00
225,U169,D05,Idli,Breakfast,1,50,2025-11-04 19:58:00
226,U034,D05,Idli,Breakfast,1,50,2025-10-17 16:58:00
227,U137,D03,Tea,Beverage,1,15,2025-11-01 16:42:00
228,U112,D01,Samosa,Snack,1,20,2025-10-28 09:51:00
229,U166,D05,Idli,Breakfast,1,50,2025-11-01 12:11:00
230,U176,D07,Coffee,Beverage,1,25,2025-10-18 10:22:00
231,U190,D03,Tea,Beverage,1,15,2025-10-16 18:32:00
232,U050,D05,Idli,Breakfast,1,50,2025-10-12 06:43:00
233,U175,D03,Tea,Beverage,1,15,2025-10-20 14:08:00
234,U190,D08,Veg Thali,Lunch,1,90,2025-11-03 09:59:00
235,U189,D07,Coffee,Beverage,1,25,2025-10-18 20:29:00
236,U062,D08,Veg Thali,Lunch,1,90,2025-10-15 20:31:00
237,U139,D06,Poha,Breakfast,1,40,2025-10-07 14:54:00
238,U116,D06,Poha,Breakfast,1,40,2025-10-30 19:40:00
239,U037,D09,Paratha,Breakfast,1,45,2025-10-28 20:22:00
240,U197,D08,Veg Thali,Lunch,1,90,2025-10-11 18:35:00
241,U147,D05,Idli,Breakfast,1,50,2025-10-18 07:28:00
242,U024,D03,Tea,Beverage,1,15,2025-10-29 13:57:00
243,U119,D04,Burger,Snack,1,60,2025-10-20 06:39:00
244,U176,D08,Veg Thali,Lunch,1,90,2025-10-25 08:15:00
245,U026,D09,Paratha,Breakfast,1,45,2025-10-05 09:16:00
246,U140,D06,Poha,Breakfast,1,40,2025-10-04 14:50:00
247,U104,D03,Tea,Beverage,1,15,2025-10-21 11:07:00
248,U073,D09,Paratha,Breakfast,1,45,2025-10-29 12:29:00
249,U200,D08,Veg Thali,Lunch,1,90,2025-10-18 15:20:00
250,U155,D06,Poha,Breakfast,1,40,2025-10-08 16:10:00
251,U180,D06,Poha,Breakfast,1,40,2025-10-14 07:43:00
252,U042,D01,Samosa,Snack,1,20,2025-10-06 12:45:00
253,U031,D04,Burger,Snack,2,120,2025-11-03 17:51:00
254,U116,D06,Poha,Breakfast,1,40,2025-10-17 07:36:00
255,U164,D03,Tea,Beverage,1,15,2025-10-16 16:38:00
256,U108,D08,Veg Thali,Lunch,2,180,2025-10-23 17:37:00
257,U165,D08,Veg Thali,Lunch,1,90,2025-11-03 10:46:00
258,U133,D06,Poha,Breakfast,1,40,2025-10-25 18:14:00
259,U188,D03,Tea,Beverage,1,15,2025-10-04 11:32:00
260,U172,D03,Tea,Beverage,1,15,2025-11-03 10:28:00
261,U064,D07,Coffee,Beverage,1,25,2025-10-28 10:59:00
262,U077,D08,Veg Thali,Lunch,1,90,2025-10-22 20:24:00
263,U012,D08,Veg Thali,Lunch,1,90,2025-10-06 16:29:00
264,U072,D05,Idli,Breakfast,1,50,2025-10-24 14:32:00
265,U080,D01,Samosa,Snack,1,20,2025-10-20 14:26:00
266,U146,D03,Tea,Beverage,1,15,2025-10-23 07:52:00
267,U143,D03,Tea,Beverage,1,15,2025-10-23 13:45:00
268,U056,D08,Veg Thali,Lunch,1,90,2025-10-15 20:34:00
269,U083,D02,Paneer Roll,Lunch,1,120,2025-10-03 20:16:00
270,U007,D08,Veg Thali,Lunch,1,90,2025-10-24 06:34:00
271,U011,D08,Veg Thali,Lunch,1,90,2025-10-09 21:00:00
272,U123,D05,Idli,Breakfast,1,50,2025-10-04 19:53:00
273,U002,D07,Coffee,Beverage,1,25,2025-10-06 16:08:00
274,U151,D02,Paneer Roll,Lunch,1,120,2025-10-02 11:21:00
275,U192,D02,Paneer Roll,Lunch,1,120,2025-10-08 11:27:00
276,U170,D06,Poha,Breakfast,1,40,2025-11-02 18:05:00
277,U003,D05,Idli,Breakfast,1,50,2025-11-03 08:24:00
278,U166,D07,Coffee,Beverage,1,25,2025-10-07 09:20:00
279,U107,D04,Burger,Snack,1,60,2025-10-03 06:41:00
280,U026,D09,Paratha,Breakfast,1,45,2025-10-30 14:58:00
281,U097,D08,Veg Thali,Lunch,2,180,2025-10-10 09:15:00
282,U112,D03,Tea,Beverage,1,15,2025-10-04 14:10:00
283,U036,D04,Burger,Snack,1,60,2025-10-06 17:01:00
284,U062,D08,Veg Thali,Lunch,1,90,2025-10-07 12:32:00
285,U132,D05,Idli,Breakfast,1,50,2025-10-21 08:37:00
286,U077,D09,Paratha,Breakfast,1,45,2025-10-06 15:58:00
287,U035,D08,Veg Thali,Lunch,1,90,2025-10-24 07:59:00
288,U171,D10,Shake,Beverage,1,70,2025-10-19 12:13:00
289,U153,D06,Poha,Breakfast,1,40,2025-10-05 17:41:00
290,U034,D08,Veg Thali,Lunch,1,90,2025-10-19 11:07:00
291,U158,D07,Coffee,Beverage,1,25,2025-10-10 08:50:00
292,U097,D01,Samosa,Snack,1,20,2025-10-03 11:03:00
293,U079,D03,Tea,Beverage,1,15,2025-10-21 16:52:00
294,U038,D02,Paneer Roll,Lunch,1,120,2025-10-14 21:10:00
295,U052,D09,Paratha,Breakfast,1,45,2025-10-30 19:57:00
296,U172,D03,Tea,Beverage,1,15,2025-10-12 20:10:00
297,U105,D10,Shake,Beverage,1,70,2025-10-06 21:49:00
298,U147,D02,Paneer Roll,Lunch,1,120,2025-10-31 19:20:00
299,U155,D02,Paneer Roll,Lunch,1,120,2025-10-14 06:33:00
300,U102,D03,Tea,Beverage,1,15,2025-10-06 19:33:00
301,U061,D03,Tea,Beverage,1,15,2025-10-14 08:39:00
302,U059,D03,Tea,Beverage,1,15,2025-10-27 07:18:00
303,U097,D02,Paneer Roll,Lunch,1,120,2025-10-16 19:07:00
304,U114,D04,Burger,Snack,1,60,2025-10-15 20:47:00
305,U067,D05,Idli,Breakfast,1,50,2025-11-01 09:34:00
306,U112,D02,Paneer Roll,Lunch,1,120,2025-10-24 19:49:00
307,U046,D08,Veg Thali,Lunch,1,90,2025-10-29 09:14:00
308,U038,D04,Burger,Snack,1,60,2025-10-01 12:49:00
309,U102,D07,Coffee,Beverage,1,25,2025-10-05 11:33:00
310,U157,D03,Tea,Beverage,1,15,2025-11-01 11:56:00
311,U154,D02,Paneer Roll,Lunch,1,120,2025-10-28 06:04:00
312,U029,D03,Tea,Beverage,1,15,2025-10-24 06:55:00
313,U161,D03,Tea,Beverage,1,15,2025-10-17 18:50:00
314,U062,D02,Paneer Roll,Lunch,1,120,2025-10-18 10:47:00
315,U199,D02,Paneer Roll,Lunch,2,240,2025-10-25 15:57:00
316,U040,D05,Idli,Breakfast,1,50,2025-10-05 14:12:00
317,U081,D01,Samosa,Snack,1,20,2025-11-04 19:06:00
318,U051,D09,Paratha,Breakfast,3,135,2025-11-01 20:50:00
319,U078,D03,Tea,Beverage,1,15,2025-10-15 10:53:00
320,U108,D06,Poha,Breakfast,1,40,2025-10-14 20:21:00
321,U071,D01,Samosa,Snack,1,20,2025-11-03 13:08:00
322,U188,D06,Poha,Breakfast,1,40,2025-10-16 18:58:00
323,U017,D03,Tea,Beverage,1,15,2025-10-30 08:36:00
324,U018,D03,Tea,Beverage,1,15,2025-11-01 08:01:00
325,U115,D09,Paratha,Breakfast,1,45,2025-11-02 13:58:00
326,U027,D03,Tea,Beverage,1,15,2025-10-05 07:55:00
327,U002,D04,Burger,Snack,1,60,2025-10-07 19:56:00
328,U110,D04,Burger,Snack,1,60,2025-11-03 12:24:00
329,U127,D06,Poha,Breakfast,1,40,2025-10-06 21:51:00
330,U121,D09,Paratha,Breakfast,1,45,2025-10-06 15:26:00
331,U032,D07,Coffee,Beverage,2,50,2025-10-30 09:09:00
332,U011,D06,Poha,Breakfast,1,40,2025-10-26 19:05:00
333,U134,D08,Veg Thali,Lunch,1,90,2025-10-24 08:43:00
334,U096,D10,Shake,Beverage,1,70,2025-10-30 21:56:00
335,U196,D01,Samosa,Snack,1,20,2025-10-02 09:58:00
336,U181,D08,Veg Thali,Lunch,1,90,2025-10-07 07:26:00
337,U081,D08,Veg Thali,Lunch,1,90,2025-10-26 16:50:00
338,U126,D06,Poha,Breakfast,1,40,2025-10-31 09:20:00
339,U140,D02,Paneer Roll,Lunch,1,120,2025-10-25 10:06:00
340,U094,D01,Samosa,Snack,2,40,2025-10-03 10:12:00
341,U059,D04,Burger,Snack,1,60,2025-10-21 12:30:00
342,U073,D08,Veg Thali,Lunch,3,270,2025-10-08 14:15:00
343,U071,D06,Poha,Breakfast,1,40,2025-10-29 18:40:00
344,U162,D08,Veg Thali,Lunch,1,90,2025-11-01 10:49:00
345,U117,D08,Veg Thali,Lunch,2,180,2025-10-28 06:14:00
346,U106,D02,Paneer Roll,Lunch,1,120,2025-10-28 06:26:00
347,U036,D01,Samosa,Snack,1,20,2025-10-08 14:15:00
348,U024,D08,Veg Thali,Lunch,1,90,2025-10-31 09:07:00
349,U108,D05,Idli,Breakfast,1,50,2025-10-22 19:07:00
350,U100,D06,Poha,Breakfast,2,80,2025-10-01 19:25:00
351,U053,D03,Tea,Beverage,1,15,2025-10-22 20:22:00
352,U198,D06,Poha,Breakfast,1,40,2025-10-10 12:48:00
353,U120,D01,Samosa,Snack,1,20,2025-10-25 16:05:00
354,U073,D04,Burger,Snack,1,60,2025-10-09 12:23:00
355,U034,D05,Idli,Breakfast,1,50,2025-10-31 21:09:00
356,U010,D08,Veg Thali,Lunch,1,90,2025-10-11 13:41:00
357,U084,D02,Paneer Roll,Lunch,1,120,2025-10-30 12:29:00
358,U049,D01,Samosa,Snack,1,20,2025-10-02 07:33:00
359,U011,D06,Poha,Breakfast,1,40,2025-10-15 21:38:00
360,U075,D09,Paratha,Breakfast,1,45,2025-10-22 10:25:00
361,U070,D02,Paneer Roll,Lunch,1,120,2025-10-21 18:57:00
362,U119,D10,Shake,Beverage,1,70,2025-10-11 07:48:00
363,U115,D05,Idli,Breakfast,1,50,2025-10-17 10:45:00
364,U137,D02,Paneer Roll,Lunch,1,120,2025-10-11 06:07:00
365,U132,D07,Coffee,Beverage,1,25,2025-10-17 15:15:00
366,U014,D05,Idli,Breakfast,1,50,2025-11-02 13:49:00
367,U129,D02,Paneer Roll,Lunch,1,120,2025-10-29 08:46:00
368,U126,D09,Paratha,Breakfast,1,45,2025-10-24 18:13:00
369,U050,D06,Poha,Breakfast,1,40,2025-10-08 13:24:00
370,U048,D03,Tea,Beverage,1,15,2025-10-03 10:19:00
371,U141,D03,Tea,Beverage,1,15,2025-10-08 18:36:00
372,U125,D07,Coffee,Beverage,1,25,2025-10-04 13:27:00
373,U032,D02,Paneer Roll,Lunch,1,120,2025-10-26 09:00:00
374,U008,D08,Veg Thali,Lunch,1,90,2025-10-27 21:44:00
375,U069,D07,Coffee,Beverage,1,25,2025-10-15 14:18:00
376,U052,D09,Paratha,Breakfast,1,45,2025-10-30 08:48:00
377,U175,D02,Paneer Roll,Lunch,1,120,2025-10-31 17:55:00
378,U186,D03,Tea,Beverage,1,15,2025-10-21 20:22:00
379,U049,D05,Idli,Breakfast,1,50,2025-10-09 11:03:00
380,U154,D04,Burger,Snack,1,60,2025-10-10 12:47:00
381,U068,D08,Veg Thali,Lunch,1,90,2025-10-06 15:56:00
382,U178,D07,Coffee,Beverage,1,25,2025-10-26 07:31:00
383,U192,D02,Paneer Roll,Lunch,1,120,2025-10-21 13:18:00
384,U078,D04,Burger,Snack,1,60,2025-10-10 15:47:00
385,U188,D02,Paneer Roll,Lunch,1,120,2025-10-21 16:10:00
386,U108,D10,Shake,Beverage,1,70,2025-10-27 12:28:00
387,U096,D02,Paneer Roll,Lunch,1,120,2025-10-12 11:28:00
388,U043,D04,Burger,Snack,1,60,2025-10-29 12:17:00
389,U043,D03,Tea,Beverage,1,15,2025-10-28 11:49:00
390,U113,D02,Paneer Roll,Lunch,1,120,2025-10-14 08:46:00
391,U012,D02,Paneer Roll,Lunch,1,120,2025-10-22 21:53:00
392,U155,D03,Tea,Beverage,1,15,2025-10-26 12:32:00
393,U184,D05,Idli,Breakfast,1,50,2025-11-01 12:42:00
394,U166,D07,Coffee,Beverage,2,50,2025-11-01 11:25:00
395,U084,D04,Burger,Snack,1,60,2025-10-17 15:32:00
396,U007,D08,Veg Thali,Lunch,1,90,2025-10-23 14:18:00
397,U105,D05,Idli,Breakfast,1,50,2025-10-21 07:31:00
398,U195,D04,Burger,Snack,1,60,2025-10-09 19:52:00
399,U107,D01,Samosa,Snack,1,20,2025-10-02 18:36:00
400,U011,D03,Tea,Beverage,1,15,2025-10-22 15:48:00
401,U102,D10,Shake,Beverage,1,70,2025-10-29 18:35:00
402,U118,D04,Burger,Snack,1,60,2025-10-11 11:30:00
403,U190,D01,Samosa,Snack,1,20,2025-10-25 12:34:00
404,U101,D05,Idli,Breakfast,1,50,2025-10-16 08:37:00
405,U146,D03,Tea,Beverage,1,15,2025-11-03 07:13:00
406,U035,D02,Paneer Roll,Lunch,1,120,2025-10-31 18:52:00
407,U001,D03,Tea,Beverage,1,15,2025-10-27 17:47:00
408,U192,D03,Tea,Beverage,1,15,2025-10-05 21:58:00
409,U010,D02,Paneer Roll,Lunch,1,120,2025-10-23 18:40:00
410,U127,D03,Tea,Beverage,1,15,2025-10-16 16:23:00
411,U062,D08,Veg Thali,Lunch,1,90,2025-11-04 17:03:00
412,U046,D03,Tea,Beverage,1,15,2025-10-08 13:54:00
413,U109,D05,Idli,Breakfast,1,50,2025-10-12 18:39:00
414,U138,D07,Coffee,Beverage,1,25,2025-10-28 20:38:00
415,U087,D10,Shake,Beverage,1,70,2025-11-03 19:21:00
416,U077,D02,Paneer Roll,Lunch,1,120,2025-10-13 18:07:00
417,U059,D08,Veg Thali,Lunch,1,90,2025-10-19 20:28:00
418,U067,D03,Tea,Beverage,1,15,2025-10-20 16:46:00
419,U036,D09,Paratha,Breakfast,1,45,2025-10-19 15:42:00
420,U116,D03,Tea,Beverage,1,15,2025-10-01 06:31:00
421,U024,D03,Tea,Beverage,2,30,2025-10-30 18:10:00
422,U084,D04,Burger,Snack,2,120,2025-10-25 19:52:00
423,U005,D03,Tea,Beverage,1,15,2025-10-05 14:21:00
424,U073,D03,Tea,Beverage,1,15,2025-10-21 11:06:00
425,U105,D01,Samosa,Snack,1,20,2025-11-02 08:35:00
426,U143,D03,Tea,Beverage,1,15,2025-10-10 15:09:00
427,U173,D04,Burger,Snack,1,60,2025-10-28 14:30:00
428,U067,D08,Veg Thali,Lunch,1,90,2025-11-04 09:32:00
429,U075,D03,Tea,Beverage,1,15,2025-10-09 19:07:00
430,U066,D01,Samosa,Snack,1,20,2025-10-08 07:17:00
431,U018,D10,Shake,Beverage,1,70,2025-10-04 21:35:00
432,U017,D02,Paneer Roll,Lunch,1,120,2025-10-20 20:25:00
433,U147,D07,Coffee,Beverage,1,25,2025-11-04 14:59:00
434,U092,D02,Paneer Roll,Lunch,1,120,2025-10-24 13:41:00
435,U131,D03,Tea,Beverage,1,15,2025-10-21 12:30:00
436,U079,D09,Paratha,Breakfast,1,45,2025-10-02 09:07:00
437,U161,D09,Paratha,Breakfast,1,45,2025-10-28 16:03:00
438,U080,D04,Burger,Snack,1,60,2025-10-29 14:41:00
439,U178,D02,Paneer Roll,Lunch,1,120,2025-10-10 08:56:00
440,U096,D03,Tea,Beverage,1,15,2025-10-25 09:31:00
441,U077,D10,Shake,Beverage,1,70,2025-10-19 20:20:00
442,U109,D04,Burger,Snack,1,60,2025-10-03 19:19:00
443,U051,D02,Paneer Roll,Lunch,1,120,2025-10-24 08:43:00
444,U014,D04,Burger,Snack,1,60,2025-10-11 20:27:00
445,U056,D01,Samosa,Snack,1,20,2025-10-25 12:06:00
446,U053,D08,Veg Thali,Lunch,1,90,2025-10-12 16:23:00
447,U083,D03,Tea,Beverage,1,15,2025-10-12 19:18:00
448,U049,D03,Tea,Beverage,1,15,2025-10-10 16:45:00
449,U106,D02,Paneer Roll,Lunch,1,120,2025-10-07 19:44:00
450,U093,D04,Burger,Snack,1,60,2025-10-12 06:35:00
451,U128,D03,Tea,Beverage,1,15,2025-10-13 09:05:00
452,U053,D04,Burger,Snack,1,60,2025-10-24 08:13:00
453,U082,D04,Burger,Snack,1,60,2025-11-01 09:17:00
454,U073,D03,Tea,Beverage,1,15,2025-10-17 18:28:00
455,U185,D01,Samosa,Snack,1,20,2025-10-28 15:07:00
456,U183,D02,Paneer Roll,Lunch,1,120,2025-10-24 11:28:00
457,U127,D03,Tea,Beverage,1,15,2025-10-21 21:24:00
458,U098,D03,Tea,Beverage,1,15,2025-10-26 20:28:00
459,U078,D04,Burger,Snack,1,60,2025-10-08 07:43:00
460,U173,D10,Shake,Beverage,1,70,2025-10-25 18:23:00
461,U074,D06,Poha,Breakfast,1,40,2025-10-19 06:24:00
462,U147,D01,Samosa,Snack,1,20,2025-10-08 13:38:00
463,U042,D01,Samosa,Snack,1,20,2025-10-16 08:52:00
464,U011,D04,Burger,Snack,1,60,2025-10-03 08:14:00
465,U096,D02,Paneer Roll,Lunch,1,120,2025-11-04 10:39:00
466,U088,D08,Veg Thali,Lunch,1,90,2025-10-12 16:45:00
467,U134,D07,Coffee,Beverage,1,25,2025-10-25 12:58:00
468,U110,D03,Tea,Beverage,1,15,2025-10-15 20:47:00
469,U024,D03,Tea,Beverage,1,15,2025-10-21 08:58:00
470,U053,D01,Samosa,Snack,1,20,2025-10-25 11:36:00
471,U200,D03,Tea,Beverage,1,15,2025-10-18 11:20:00
472,U068,D03,Tea,Beverage,1,15,2025-10-30 12:24:00
473,U048,D09,Paratha,Breakfast,1,45,2025-11-03 11:23:00
474,U104,D02,Paneer Roll,Lunch,1,120,2025-10-21 13:48:00
475,U103,D04,Burger,Snack,1,60,2025-10-19 19:08:00
476,U156,D10,Shake,Beverage,1,70,2025-11-01 14:27:00
477,U193,D03,Tea,Beverage,1,15,2025-10-21 15:12:00
478,U002,D09,Paratha,Breakfast,2,90,2025-10-04 13:59:00
479,U087,D02,Paneer Roll,Lunch,1,120,2025-10-14 17:56:00
480,U078,D07,Coffee,Beverage,1,25,2025-10-01 12:40:00
481,U030,D05,Idli,Breakfast,1,50,2025-10-06 14:12:00
482,U048,D02,Paneer Roll,Lunch,1,120,2025-10-02 16:17:00
483,U119,D02,Paneer Roll,Lunch,1,120,2025-10-01 09:21:00
484,U106,D08,Veg Thali,Lunch,1,90,2025-10-25 09:36:00
485,U017,D07,Coffee,Beverage,1,25,2025-10-28 21:01:00
486,U060,D09,Paratha,Breakfast,1,45,2025-10-21 16:26:00
487,U049,D07,Coffee,Beverage,1,25,2025-10-30 06:34:00
488,U066,D09,Paratha,Breakfast,2,90,2025-10-26 10:24:00
489,U171,D02,Paneer Roll,Lunch,1,120,2025-10-15 20:19:00
490,U081,D03,Tea,Beverage,1,15,2025-10-08 13:34:00
491,U096,D02,Paneer Roll,Lunch,1,120,2025-11-03 10:52:00
492,U020,D08,Veg Thali,Lunch,1,90,2025-10-27 11:18:00
493,U134,D06,Poha,Breakfast,1,40,2025-10-29 11:07:00
494,U158,D02,Paneer Roll,Lunch,1,120,2025-11-02 14:59:00
495,U014,D01,Samosa,Snack,1,20,2025-10-04 08:54:00
496,U106,D05,Idli,Breakfast,1,50,2025-10-05 21:56:00
497,U116,D02,Paneer Roll,Lunch,1,120,2025-10-31 13:50:00
498,U188,D01,Samosa,Snack,1,20,2025-10-16 18:09:00
499,U156,D01,Samosa,Snack,1,20,2025-10-24 11:46:00
500,U091,D02,Paneer Roll,Lunch,1,120,2025-10-10 16:42:00
501,U033,D02,Paneer Roll,Lunch,1,120,2025-10-19 12:43:00
502,U001,D03,Tea,Beverage,1,15,2025-10-11 17:19:00
503,U132,D02,Paneer Roll,Lunch,1,120,2025-10-01 15:43:00
504,U117,D02,Paneer Roll,Lunch,1,120,2025-10-13 07:00:00
505,U079,D09,Paratha,Breakfast,1,45,2025-10-15 13:33:00
506,U130,D10,Shake,Beverage,1,70,2025-10-07 20:45:00
507,U075,D04,Burger,Snack,1,60,2025-10-29 07:26:00
508,U196,D06,Poha,Breakfast,1,40,2025-10-18 09:14:00
509,U108,D06,Poha,Breakfast,1,40,2025-10-23 10:29:00
510,U070,D07,Coffee,Beverage,1,25,2025-10-16 17:27:00
511,U138,D03,Tea,Beverage,1,15,2025-10-08 08:43:00
512,U165,D03,Tea,Beverage,1,15,2025-10-26 10:42:00
513,U139,D01,Samosa,Snack,1,20,2025-10-12 18:12:00
514,U178,D01,Samosa,Snack,1,20,2025-10-03 19:57:00
515,U192,D03,Tea,Beverage,1,15,2025-10-02 08:21:00
516,U179,D02,Paneer Roll,Lunch,1,120,2025-10-05 20:52:00
517,U178,D04,Burger,Snack,1,60,2025-10-26 09:30:00
518,U192,D06,Poha,Breakfast,1,40,2025-10-19 13:20:00
519,U177,D07,Coffee,Beverage,1,25,2025-10-21 14:39:00
520,U150,D10,Shake,Beverage,1,70,2025-10-13 14:01:00
521,U029,D10,Shake,Beverage,1,70,2025-10-09 11:15:00
522,U139,D01,Samosa,Snack,1,20,2025-10-29 21:54:00
523,U026,D03,Tea,Beverage,1,15,2025-10-13 16:27:00
524,U175,D02,Paneer Roll,Lunch,1,120,2025-10-08 16:48:00
525,U058,D01,Samosa,Snack,1,20,2025-10-16 17:48:00
526,U168,D10,Shake,Beverage,1,70,2025-10-28 08:31:00
527,U090,D01,Samosa,Snack,1,20,2025-10-11 09:33:00
528,U081,D07,Coffee,Beverage,1,25,2025-10-14 19:58:00
529,U199,D10,Shake,Beverage,1,70,2025-11-04 10:26:00
530,U118,D06,Poha,Breakfast,1,40,2025-10-08 08:00:00
531,U124,D01,Samosa,Snack,1,20,2025-10-06 14:44:00
532,U168,D03,Tea,Beverage,1,15,2025-10-02 06:44:00
533,U161,D03,Tea,Beverage,1,15,2025-10-09 15:52:00
534,U195,D09,Paratha,Breakfast,1,45,2025-10-15 07:50:00
535,U164,D02,Paneer Roll,Lunch,1,120,2025-11-03 12:57:00
536,U004,D09,Paratha,Breakfast,1,45,2025-10-08 16:42:00
537,U055,D04,Burger,Snack,1,60,2025-10-29 10:00:00
538,U135,D01,Samosa,Snack,1,20,2025-11-03 21:44:00
539,U164,D10,Shake,Beverage,1,70,2025-11-02 10:30:00
540,U133,D08,Veg Thali,Lunch,1,90,2025-10-19 15:07:00
541,U083,D07,Coffee,Beverage,1,25,2025-10-10 16:38:00
542,U191,D02,Paneer Roll,Lunch,1,120,2025-10-07 09:34:00
543,U064,D03,Tea,Beverage,1,15,2025-10-20 15:29:00
544,U156,D03,Tea,Beverage,1,15,2025-10-13 17:17:00
545,U095,D07,Coffee,Beverage,1,25,2025-10-19 13:52:00
546,U197,D02,Paneer Roll,Lunch,1,120,2025-10-19 18:43:00
547,U163,D05,Idli,Breakfast,1,50,2025-10-29 13:18:00
548,U197,D02,Paneer Roll,Lunch,1,120,2025-10-30 21:56:00
549,U120,D03,Tea,Beverage,1,15,2025-10-23 20:31:00
550,U188,D08,Veg Thali,Lunch,1,90,2025-10-19 19:22:00
551,U057,D03,Tea,Beverage,1,15,2025-10-17 19:44:00
552,U140,D09,Paratha,Breakfast,2,90,2025-10-16 21:31:00
553,U070,D03,Tea,Beverage,1,15,2025-10-04 13:45:00
554,U183,D01,Samosa,Snack,1,20,2025-10-03 11:05:00
555,U109,D01,Samosa,Snack,1,20,2025-10-30 11:17:00
556,U100,D03,Tea,Beverage,1,15,2025-10-22 14:24:00
557,U187,D08,Veg Thali,Lunch,1,90,2025-10-03 18:46:00
558,U036,D07,Coffee,Beverage,2,50,2025-10-07 21:46:00
559,U128,D03,Tea,Beverage,1,15,2025-11-01 10:33:00
560,U131,D03,Tea,Beverage,1,15,2025-10-09 17:32:00
561,U123,D05,Idli,Breakfast,2,100,2025-10-31 07:27:00
562,U094,D08,Veg Thali,Lunch,1,90,2025-10-13 16:43:00
563,U118,D06,Poha,Breakfast,1,40,2025-10-15 10:33:00
564,U093,D06,Poha,Breakfast,1,40,2025-10-29 17:07:00
565,U071,D04,Burger,Snack,1,60,2025-10-09 14:52:00
566,U065,D03,Tea,Beverage,1,15,2025-10-11 19:20:00
567,U063,D03,Tea,Beverage,1,15,2025-10-21 07:16:00
568,U062,D02,Paneer Roll,Lunch,2,240,2025-11-04 18:44:00
569,U073,D02,Paneer Roll,Lunch,1,120,2025-10-06 19:49:00
570,U012,D01,Samosa,Snack,1,20,2025-10-27 06:56:00
571,U061,D04,Burger,Snack,1,60,2025-10-03 08:47:00
572,U030,D02,Paneer Roll,Lunch,1,120,2025-11-03 21:16:00
573,U183,D08,Veg Thali,Lunch,1,90,2025-10-24 16:16:00
574,U169,D08,Veg Thali,Lunch,1,90,2025-10-25 14:17:00
575,U051,D07,Coffee,Beverage,2,50,2025-10-23 06:00:00
576,U140,D03,Tea,Beverage,1,15,2025-10-20 15:13:00
577,U040,D02,Paneer Roll,Lunch,1,120,2025-11-01 21:40:00
578,U003,D09,Paratha,Breakfast,1,45,2025-10-27 20:57:00
579,U063,D03,Tea,Beverage,1,15,2025-10-22 08:44:00
580,U008,D04,Burger,Snack,1,60,2025-10-29 06:35:00
581,U102,D07,Coffee,Beverage,1,25,2025-10-17 17:50:00
582,U025,D05,Idli,Breakfast,1,50,2025-10-01 21:50:00
583,U006,D04,Burger,Snack,1,60,2025-10-25 19:30:00
584,U186,D04,Burger,Snack,1,60,2025-10-05 10:24:00
585,U145,D03,Tea,Beverage,1,15,2025-10-28 11:40:00
586,U191,D02,Paneer Roll,Lunch,1,120,2025-10-07 13:11:00
587,U090,D10,Shake,Beverage,2,140,2025-10-30 16:26:00
588,U089,D03,Tea,Beverage,1,15,2025-10-12 13:24:00
589,U180,D03,Tea,Beverage,1,15,2025-11-04 08:52:00
590,U134,D04,Burger,Snack,1,60,2025-10-01 07:08:00
591,U005,D02,Paneer Roll,Lunch,1,120,2025-10-23 19:04:00
592,U059,D02,Paneer Roll,Lunch,1,120,2025-11-02 18:46:00
593,U139,D02,Paneer Roll,Lunch,1,120,2025-10-21 08:31:00
594,U014,D07,Coffee,Beverage,1,25,2025-10-04 14:14:00
595,U062,D03,Tea,Beverage,1,15,2025-10-20 09:02:00
596,U189,D07,Coffee,Beverage,1,25,2025-10-18 06:49:00
597,U193,D03,Tea,Beverage,1,15,2025-10-13 09:12:00
598,U181,D02,Paneer Roll,Lunch,1,120,2025-10-14 09:57:00
599,U189,D08,Veg Thali,Lunch,1,90,2025-10-27 12:05:00
600,U002,D01,Samosa,Snack,1,20,2025-10-25 18:34:00
601,U159,D04,Burger,Snack,1,60,2025-10-03 12:08:00
602,U032,D01,Samosa,Snack,1,20,2025-10-24 15:39:00
603,U151,D07,Coffee,Beverage,1,25,2025-10-23 12:35:00
604,U153,D04,Burger,Snack,1,60,2025-10-20 17:59:00
605,U033,D01,Samosa,Snack,1,20,2025-10-15 12:04:00
606,U096,D03,Tea,Beverage,1,15,2025-10-23 14:28:00
607,U167,D07,Coffee,Beverage,1,25,2025-10-13 17:19:00
608,U112,D10,Shake,Beverage,1,70,2025-10-06 20:18:00
609,U065,D03,Tea,Beverage,1,15,2025-10-13 14:05:00
610,U198,D02,Paneer Roll,Lunch,1,120,2025-10-17 16:47:00
611,U068,D02,Paneer Roll,Lunch,1,120,2025-10-14 16:30:00
612,U118,D10,Shake,Beverage,1,70,2025-10-12 11:12:00
613,U101,D07,Coffee,Beverage,1,25,2025-10-09 16:10:00
614,U055,D10,Shake,Beverage,2,140,2025-11-01 15:56:00
615,U114,D05,Idli,Breakfast,1,50,2025-11-02 08:01:00
616,U057,D01,Samosa,Snack,1,20,2025-11-04 19:16:00
617,U044,D08,Veg Thali,Lunch,1,90,2025-10-01 12:07:00
618,U127,D01,Samosa,Snack,1,20,2025-10-21 06:03:00
619,U060,D02,Paneer Roll,Lunch,1,120,2025-10-26 19:34:00
620,U191,D08,Veg Thali,Lunch,1,90,2025-11-02 21:02:00
621,U046,D08,Veg Thali,Lunch,1,90,2025-10-10 08:25:00
622,U142,D04,Burger,Snack,1,60,2025-10-17 11:38:00
623,U158,D02,Paneer Roll,Lunch,1,120,2025-10-02 07:03:00
624,U049,D09,Paratha,Breakfast,1,45,2025-10-12 07:12:00
625,U017,D03,Tea,Beverage,1,15,2025-10-30 21:47:00
626,U081,D03,Tea,Beverage,1,15,2025-10-23 14:39:00
627,U111,D08,Veg Thali,Lunch,1,90,2025-10-17 16:35:00
628,U070,D03,Tea,Beverage,1,15,2025-11-02 14:43:00
629,U075,D05,Idli,Breakfast,1,50,2025-10-08 10:57:00
630,U053,D03,Tea,Beverage,1,15,2025-10-23 20:10:00
631,U061,D08,Veg Thali,Lunch,1,90,2025-10-17 09:32:00
632,U083,D02,Paneer Roll,Lunch,1,120,2025-10-30 12:23:00
633,U084,D03,Tea,Beverage,1,15,2025-10-19 13:54:00
634,U114,D03,Tea,Beverage,1,15,2025-10-13 08:13:00
635,U077,D08,Veg Thali,Lunch,1,90,2025-10-05 06:26:00
636,U200,D06,Poha,Breakfast,3,120,2025-10-21 12:11:00
637,U048,D03,Tea,Beverage,1,15,2025-10-17 21:24:00
638,U164,D07,Coffee,Beverage,1,25,2025-10-28 09:18:00
639,U090,D03,Tea,Beverage,1,15,2025-11-02 13:41:00
640,U184,D06,Poha,Breakfast,1,40,2025-11-03 06:59:00
641,U082,D03,Tea,Beverage,1,15,2025-10-02 08:38:00
642,U183,D02,Paneer Roll,Lunch,1,120,2025-11-02 18:47:00
643,U124,D07,Coffee,Beverage,1,25,2025-10-16 19:58:00
644,U095,D05,Idli,Breakfast,1,50,2025-10-03 21:41:00
645,U057,D04,Burger,Snack,1,60,2025-11-04 06:03:00
646,U177,D04,Burger,Snack,1,60,2025-10-04 09:53:00
647,U070,D07,Coffee,Beverage,1,25,2025-10-09 14:28:00
648,U178,D03,Tea,Beverage,1,15,2025-10-07 18:36:00
649,U195,D03,Tea,Beverage,1,15,2025-10-21 07:31:00
650,U186,D02,Paneer Roll,Lunch,1,120,2025-10-30 21:11:00
651,U029,D03,Tea,Beverage,1,15,2025-10-09 20:37:00
652,U040,D06,Poha,Breakfast,1,40,2025-10-19 16:38:00
653,U165,D05,Idli,Breakfast,1,50,2025-10-24 08:21:00
654,U110,D02,Paneer Roll,Lunch,1,120,2025-10-03 12:48:00
655,U039,D09,Paratha,Breakfast,1,45,2025-10-05 21:19:00
656,U132,D01,Samosa,Snack,1,20,2025-10-01 08:49:00
657,U112,D03,Tea,Beverage,1,15,2025-11-01 13:44:00
658,U009,D04,Burger,Snack,1,60,2025-10-21 13:49:00
659,U129,D03,Tea,Beverage,1,15,2025-10-02 09:17:00
660,U082,D02,Paneer Roll,Lunch,1,120,2025-10-25 17:34:00
661,U163,D03,Tea,Beverage,1,15,2025-10-26 16:52:00
662,U090,D03,Tea,Beverage,1,15,2025-10-01 07:02:00
663,U055,D06,Poha,Breakfast,1,40,2025-10-24 16:20:00
664,U192,D10,Shake,Beverage,1,70,2025-10-12 20:21:00
665,U166,D04,Burger,Snack,2,120,2025-11-03 15:54:00
666,U134,D05,Idli,Breakfast,1,50,2025-10-28 16:08:00
667,U156,D07,Coffee,Beverage,1,25,2025-10-23 06:34:00
668,U174,D02,Paneer Roll,Lunch,1,120,2025-10-05 19:55:00
669,U054,D04,Burger,Snack,1,60,2025-10-29 10:02:00
670,U036,D03,Tea,Beverage,1,15,2025-10-28 19:56:00
671,U103,D02,Paneer Roll,Lunch,2,240,2025-10-23 11:57:00
672,U044,D06,Poha,Breakfast,1,40,2025-10-06 09:38:00
673,U074,D03,Tea,Beverage,1,15,2025-10-17 15:03:00
674,U043,D05,Idli,Breakfast,1,50,2025-10-27 19:59:00
675,U040,D07,Coffee,Beverage,1,25,2025-10-30 20:12:00
676,U108,D03,Tea,Beverage,1,15,2025-10-24 08:52:00
677,U144,D01,Samosa,Snack,1,20,2025-11-02 09:13:00
678,U131,D04,Burger,Snack,1,60,2025-10-27 07:10:00
679,U073,D02,Paneer Roll,Lunch,1,120,2025-10-01 17:53:00
680,U095,D02,Paneer Roll,Lunch,1,120,2025-10-15 15:05:00
681,U170,D05,Idli,Breakfast,1,50,2025-10-02 11:57:00
682,U122,D06,Poha,Breakfast,1,40,2025-10-10 11:27:00
683,U083,D09,Paratha,Breakfast,1,45,2025-10-12 15:21:00
684,U074,D09,Paratha,Breakfast,1,45,2025-10-23 07:24:00
685,U010,D03,Tea,Beverage,1,15,2025-11-02 09:18:00
686,U024,D10,Shake,Beverage,1,70,2025-11-03 12:56:00
687,U017,D03,Tea,Beverage,1,15,2025-10-21 06:19:00
688,U019,D06,Poha,Breakfast,1,40,2025-10-31 15:56:00
689,U134,D02,Paneer Roll,Lunch,1,120,2025-10-08 17:24:00
690,U121,D07,Coffee,Beverage,3,75,2025-10-11 11:26:00
691,U049,D03,Tea,Beverage,1,15,2025-10-02 18:57:00
692,U166,D04,Burger,Snack,1,60,2025-10-01 16:35:00
693,U180,D03,Tea,Beverage,1,15,2025-10-12 15:06:00
694,U039,D03,Tea,Beverage,1,15,2025-10-18 08:20:00
695,U131,D02,Paneer Roll,Lunch,1,120,2025-10-15 14:08:00
696,U069,D03,Tea,Beverage,1,15,2025-10-23 11:06:00
697,U141,D08,Veg Thali,Lunch,1,90,2025-11-02 07:20:00
698,U163,D03,Tea,Beverage,1,15,2025-10-09 15:36:00
699,U043,D04,Burger,Snack,1,60,2025-10-22 21:12:00
700,U043,D03,Tea,Beverage,1,15,2025-10-17 18:04:00
701,U125,D03,Tea,Beverage,1,15,2025-11-04 08:33:00
702,U194,D04,Burger,Snack,1,60,2025-10-24 18:15:00
703,U146,D02,Paneer Roll,Lunch,3,360,2025-10-28 14:38:00
704,U198,D08,Veg Thali,Lunch,1,90,2025-10-16 21:42:00
705,U115,D05,Idli,Breakfast,1,50,2025-11-02 12:31:00
706,U120,D01,Samosa,Snack,1,20,2025-10-16 11:08:00
707,U031,D03,Tea,Beverage,1,15,2025-10-12 08:13:00
708,U112,D01,Samosa,Snack,1,20,2025-10-07 15:27:00
709,U168,D02,Paneer Roll,Lunch,1,120,2025-10-01 20:36:00
710,U103,D06,Poha,Breakfast,1,40,2025-10-26 18:00:00
711,U160,D08,Veg Thali,Lunch,1,90,2025-10-14 18:08:00
712,U047,D05,Idli,Breakfast,1,50,2025-10-10 11:25:00
713,U100,D02,Paneer Roll,Lunch,1,120,2025-10-23 08:02:00
714,U192,D01,Samosa,Snack,1,20,2025-10-04 21:36:00
715,U158,D01,Samosa,Snack,1,20,2025-10-02 10:49:00
716,U016,D06,Poha,Breakfast,1,40,2025-10-27 06:23:00
717,U101,D06,Poha,Breakfast,1,40,2025-11-04 17:18:00
718,U057,D08,Veg Thali,Lunch,1,90,2025-10-06 16:47:00
719,U130,D05,Idli,Breakfast,1,50,2025-10-04 15:40:00
720,U074,D02,Paneer Roll,Lunch,1,120,2025-10-10 19:03:00
721,U069,D07,Coffee,Beverage,1,25,2025-11-04 17:23:00
722,U047,D05,Idli,Breakfast,1,50,2025-10-16 09:18:00
723,U119,D05,Idli,Breakfast,1,50,2025-11-03 07:30:00
724,U154,D01,Samosa,Snack,1,20,2025-10-26 07:08:00
725,U073,D01,Samosa,Snack,1,20,2025-10-11 19:45:00
726,U099,D01,Samosa,Snack,1,20,2025-10-20 19:09:00
727,U015,D08,Veg Thali,Lunch,1,90,2025-10-16 07:00:00
728,U024,D02,Paneer Roll,Lunch,1,120,2025-10-29 20:33:00
729,U153,D04,Burger,Snack,1,60,2025-10-23 16:15:00
730,U077,D08,Veg Thali,Lunch,1,90,2025-10-21 11:07:00
731,U088,D09,Paratha,Breakfast,1,45,2025-10-17 12:09:00
732,U013,D02,Paneer Roll,Lunch,1,120,2025-10-09 20:21:00
733,U030,D06,Poha,Breakfast,1,40,2025-10-05 06:26:00
734,U003,D01,Samosa,Snack,1,20,2025-10-29 20:06:00
735,U131,D01,Samosa,Snack,1,20,2025-10-13 21:39:00
736,U039,D08,Veg Thali,Lunch,1,90,2025-10-06 21:54:00
737,U156,D03,Tea,Beverage,1,15,2025-11-03 15:28:00
738,U106,D06,Poha,Breakfast,1,40,2025-10-01 16:46:00
739,U026,D01,Samosa,Snack,1,20,2025-10-17 16:32:00
740,U161,D08,Veg Thali,Lunch,1,90,2025-10-30 08:51:00
741,U175,D01,Samosa,Snack,1,20,2025-10-16 18:03:00
742,U047,D02,Paneer Roll,Lunch,1,120,2025-11-02 13:58:00
743,U010,D03,Tea,Beverage,1,15,2025-10-31 21:05:00
744,U152,D04,Burger,Snack,1,60,2025-10-22 15:38:00
745,U032,D07,Coffee,Beverage,1,25,2025-10-07 13:51:00
746,U194,D04,Burger,Snack,1,60,2025-10-02 16:42:00
747,U167,D04,Burger,Snack,1,60,2025-10-10 13:31:00
748,U140,D04,Burger,Snack,1,60,2025-10-07 13:24:00
749,U119,D02,Paneer Roll,Lunch,1,120,2025-10-15 15:28:00
750,U145,D03,Tea,Beverage,3,45,2025-10-10 18:33:00
751,U024,D02,Paneer Roll,Lunch,1,120,2025-10-24 07:56:00
752,U066,D03,Tea,Beverage,1,15,2025-10-04 13:53:00
753,U081,D06,Poha,Breakfast,1,40,2025-10-06 20:22:00
754,U182,D07,Coffee,Beverage,1,25,2025-10-30 10:41:00
755,U039,D03,Tea,Beverage,1,15,2025-10-11 10:36:00
756,U050,D08,Veg Thali,Lunch,1,90,2025-10-01 21:54:00
757,U059,D04,Burger,Snack,1,60,2025-10-20 21:05:00
758,U062,D03,Tea,Beverage,1,15,2025-10-16 20:46:00
759,U191,D03,Tea,Beverage,1,15,2025-10-13 13:33:00
760,U156,D09,Paratha,Breakfast,1,45,2025-10-17 15:42:00
761,U183,D01,Samosa,Snack,1,20,2025-10-08 09:38:00
762,U020,D03,Tea,Beverage,1,15,2025-10-03 20:02:00
763,U084,D09,Paratha,Breakfast,1,45,2025-10-19 16:44:00
764,U184,D02,Paneer Roll,Lunch,1,120,2025-10-20 21:05:00
765,U084,D02,Paneer Roll,Lunch,1,120,2025-10-26 14:58:00
766,U195,D03,Tea,Beverage,1,15,2025-10-25 18:29:00
767,U043,D01,Samosa,Snack,1,20,2025-10-05 10:45:00
768,U043,D05,Idli,Breakfast,1,50,2025-11-03 13:30:00
769,U024,D10,Shake,Beverage,1,70,2025-10-03 14:28:00
770,U123,D02,Paneer Roll,Lunch,1,120,2025-10-14 21:41:00
771,U124,D05,Idli,Breakfast,1,50,2025-10-25 09:55:00
772,U154,D02,Paneer Roll,Lunch,1,120,2025-10-12 18:19:00
773,U142,D07,Coffee,Beverage,1,25,2025-10-22 11:08:00
774,U019,D03,Tea,Beverage,1,15,2025-10-19 21:40:00
775,U024,D06,Poha,Breakfast,2,80,2025-10-03 11:43:00
776,U155,D03,Tea,Beverage,1,15,2025-10-16 14:26:00
777,U012,D05,Idli,Breakfast,1,50,2025-10-17 07:19:00
778,U180,D01,Samosa,Snack,1,20,2025-10-06 12:48:00
779,U061,D02,Paneer Roll,Lunch,1,120,2025-10-07 18:41:00
780,U038,D02,Paneer Roll,Lunch,1,120,2025-10-27 21:42:00
781,U180,D06,Poha,Breakfast,1,40,2025-10-05 11:41:00
782,U083,D08,Veg Thali,Lunch,1,90,2025-10-14 18:15:00
783,U033,D07,Coffee,Beverage,1,25,2025-11-04 14:06:00
784,U064,D09,Paratha,Breakfast,1,45,2025-10-21 17:09:00
785,U017,D09,Paratha,Breakfast,1,45,2025-10-06 12:25:00
786,U003,D03,Tea,Beverage,1,15,2025-10-02 20:21:00
787,U200,D09,Paratha,Breakfast,1,45,2025-10-31 21:35:00
788,U162,D02,Paneer Roll,Lunch,1,120,2025-10-17 07:03:00
789,U075,D01,Samosa,Snack,1,20,2025-10-27 10:00:00
790,U050,D02,Paneer Roll,Lunch,1,120,2025-10-29 17:48:00
791,U056,D02,Paneer Roll,Lunch,1,120,2025-10-24 08:52:00
792,U152,D02,Paneer Roll,Lunch,1,120,2025-10-13 06:16:00
793,U155,D03,Tea,Beverage,1,15,2025-10-16 06:26:00
794,U002,D08,Veg Thali,Lunch,1,90,2025-10-20 12:00:00
795,U052,D03,Tea,Beverage,1,15,2025-10-25 18:24:00
796,U108,D05,Idli,Breakfast,1,50,2025-10-21 17:54:00
797,U107,D03,Tea,Beverage,1,15,2025-10-19 21:09:00
798,U156,D02,Paneer Roll,Lunch,1,120,2025-11-04 11:32:00
799,U035,D08,Veg Thali,Lunch,1,90,2025-10-21 16:21:00
800,U155,D02,Paneer Roll,Lunch,1,120,2025-10-23 11:44:00
801,U065,D06,Poha,Breakfast,3,120,2025-11-03 11:46:00
802,U166,D07,Coffee,Beverage,1,25,2025-10-09 09:11:00
803,U121,D02,Paneer Roll,Lunch,1,120,2025-10-19 17:36:00
804,U089,D02,Paneer Roll,Lunch,1,120,2025-10-08 07:23:00
805,U098,D06,Poha,Breakfast,1,40,2025-11-02 11:16:00
806,U015,D03,Tea,Beverage,1,15,2025-10-17 10:08:00
807,U073,D06,Poha,Breakfast,1,40,2025-10-15 21:53:00
808,U064,D01,Samosa,Snack,1,20,2025-10-29 12:10:00
809,U119,D06,Poha,Breakfast,1,40,2025-11-02 20:48:00
810,U050,D05,Idli,Breakfast,1,50,2025-10-19 17:27:00
811,U023,D04,Burger,Snack,1,60,2025-10-04 12:07:00
812,U012,D01,Samosa,Snack,1,20,2025-10-15 12:43:00
813,U140,D07,Coffee,Beverage,1,25,2025-10-18 13:09:00
814,U140,D02,Paneer Roll,Lunch,1,120,2025-11-02 06:56:00
815,U062,D02,Paneer Roll,Lunch,1,120,2025-10-28 06:20:00
816,U079,D03,Tea,Beverage,2,30,2025-10-04 12:09:00
817,U066,D03,Tea,Beverage,1,15,2025-10-25 15:48:00
818,U128,D03,Tea,Beverage,1,15,2025-10-10 12:30:00
819,U064,D05,Idli,Breakfast,1,50,2025-10-13 15:22:00
820,U191,D06,Poha,Breakfast,1,40,2025-11-02 19:41:00
821,U059,D01,Samosa,Snack,1,20,2025-10-07 15:48:00
822,U139,D02,Paneer Roll,Lunch,1,120,2025-10-25 15:55:00
823,U192,D05,Idli,Breakfast,1,50,2025-10-01 11:09:00
824,U184,D08,Veg Thali,Lunch,1,90,2025-10-23 17:46:00
825,U055,D03,Tea,Beverage,1,15,2025-10-21 15:14:00
826,U147,D06,Poha,Breakfast,1,40,2025-10-16 07:34:00
827,U087,D08,Veg Thali,Lunch,3,270,2025-10-13 09:50:00
828,U056,D02,Paneer Roll,Lunch,1,120,2025-10-16 18:10:00
829,U166,D02,Paneer Roll,Lunch,1,120,2025-10-25 15:28:00
830,U048,D01,Samosa,Snack,1,20,2025-10-08 06:05:00
831,U194,D10,Shake,Beverage,1,70,2025-10-19 10:09:00
832,U141,D07,Coffee,Beverage,1,25,2025-11-02 11:57:00
833,U040,D02,Paneer Roll,Lunch,1,120,2025-10-13 08:07:00
834,U086,D08,Veg Thali,Lunch,1,90,2025-10-25 18:27:00
835,U112,D07,Coffee,Beverage,1,25,2025-10-21 18:45:00
836,U024,D04,Burger,Snack,1,60,2025-10-09 08:16:00
837,U096,D03,Tea,Beverage,1,15,2025-10-14 10:48:00
838,U094,D03,Tea,Beverage,1,15,2025-11-02 17:41:00
839,U094,D07,Coffee,Beverage,1,25,2025-10-14 09:57:00
840,U181,D06,Poha,Breakfast,1,40,2025-11-02 13:57:00
841,U128,D05,Idli,Breakfast,1,50,2025-10-11 07:52:00
842,U120,D03,Tea,Beverage,1,15,2025-10-19 14:48:00
843,U135,D03,Tea,Beverage,1,15,2025-10-29 13:36:00
844,U090,D02,Paneer Roll,Lunch,1,120,2025-10-17 15:34:00
845,U190,D10,Shake,Beverage,1,70,2025-10-20 12:11:00
846,U131,D08,Veg Thali,Lunch,1,90,2025-10-16 06:43:00
847,U037,D04,Burger,Snack,1,60,2025-10-01 12:18:00
848,U194,D02,Paneer Roll,Lunch,1,120,2025-10-31 15:19:00
849,U192,D04,Burger,Snack,1,60,2025-10-26 15:39:00
850,U077,D02,Paneer Roll,Lunch,1,120,2025-10-05 10:38:00
851,U200,D03,Tea,Beverage,1,15,2025-10-27 20:21:00
852,U032,D06,Poha,Breakfast,1,40,2025-10-01 06:44:00
853,U121,D07,Coffee,Beverage,1,25,2025-10-26 08:36:00
854,U080,D08,Veg Thali,Lunch,2,180,2025-10-10 07:22:00
855,U037,D02,Paneer Roll,Lunch,1,120,2025-10-22 21:09:00
856,U136,D04,Burger,Snack,1,60,2025-10-21 18:17:00
857,U168,D01,Samosa,Snack,1,20,2025-10-01 12:10:00
858,U102,D08,Veg Thali,Lunch,1,90,2025-10-27 19:22:00
859,U149,D04,Burger,Snack,1,60,2025-10-01 21:11:00
860,U092,D07,Coffee,Beverage,1,25,2025-10-05 14:37:00
861,U053,D02,Paneer Roll,Lunch,1,120,2025-10-07 18:27:00
862,U121,D08,Veg Thali,Lunch,1,90,2025-10-18 20:05:00
863,U116,D01,Samosa,Snack,1,20,2025-10-15 21:11:00
864,U054,D08,Veg Thali,Lunch,1,90,2025-10-15 17:52:00
865,U096,D06,Poha,Breakfast,1,40,2025-10-22 13:17:00
866,U126,D01,Samosa,Snack,1,20,2025-10-25 14:48:00
867,U104,D09,Paratha,Breakfast,1,45,2025-10-14 18:32:00
868,U024,D08,Veg Thali,Lunch,1,90,2025-10-31 10:18:00
869,U180,D03,Tea,Beverage,1,15,2025-10-05 11:47:00
870,U012,D02,Paneer Roll,Lunch,1,120,2025-10-16 20:06:00
871,U065,D01,Samosa,Snack,2,40,2025-10-03 16:30:00
872,U106,D07,Coffee,Beverage,1,25,2025-10-22 15:46:00
873,U174,D10,Shake,Beverage,1,70,2025-10-24 10:36:00
874,U110,D03,Tea,Beverage,1,15,2025-10-29 06:16:00
875,U012,D02,Paneer Roll,Lunch,1,120,2025-10-10 11:25:00
876,U183,D01,Samosa,Snack,1,20,2025-10-13 10:42:00
877,U088,D03,Tea,Beverage,1,15,2025-10-03 10:41:00
878,U023,D10,Shake,Beverage,1,70,2025-11-03 21:58:00
879,U180,D08,Veg Thali,Lunch,1,90,2025-11-02 21:11:00
880,U177,D04,Burger,Snack,1,60,2025-10-15 11:16:00
881,U199,D03,Tea,Beverage,1,15,2025-10-19 14:49:00
882,U150,D10,Shake,Beverage,1,70,2025-10-11 21:26:00
883,U020,D02,Paneer Roll,Lunch,1,120,2025-10-05 10:34:00
884,U147,D02,Paneer Roll,Lunch,1,120,2025-10-12 10:41:00
885,U135,D06,Poha,Breakfast,1,40,2025-10-13 19:53:00
886,U191,D10,Shake,Beverage,1,70,2025-10-22 10:31:00
887,U162,D07,Coffee,Beverage,1,25,2025-11-03 06:26:00
888,U099,D04,Burger,Snack,1,60,2025-10-12 20:49:00
889,U142,D06,Poha,Breakfast,1,40,2025-10-17 11:29:00
890,U178,D02,Paneer Roll,Lunch,1,120,2025-10-05 11:24:00
891,U168,D03,Tea,Beverage,1,15,2025-10-20 10:29:00
892,U041,D03,Tea,Beverage,1,15,2025-10-31 20:29:00
893,U152,D03,Tea,Beverage,1,15,2025-10-28 07:15:00
894,U100,D08,Veg Thali,Lunch,1,90,2025-10-28 15:42:00
895,U144,D02,Paneer Roll,Lunch,1,120,2025-10-11 11:00:00
896,U123,D03,Tea,Beverage,1,15,2025-10-29 21:59:00
897,U025,D02,Paneer Roll,Lunch,1,120,2025-10-06 15:45:00
898,U064,D06,Poha,Breakfast,1,40,2025-10-30 14:32:00
899,U142,D07,Coffee,Beverage,2,50,2025-10-06 07:17:00
900,U115,D06,Poha,Breakfast,1,40,2025-10-13 15:38:00
901,U071,D08,Veg Thali,Lunch,1,90,2025-10-23 08:28:00
902,U095,D06,Poha,Breakfast,1,40,2025-10-04 16:17:00
903,U049,D04,Burger,Snack,1,60,2025-10-11 20:08:00
904,U120,D10,Shake,Beverage,1,70,2025-10-19 15:07:00
905,U016,D02,Paneer Roll,Lunch,1,120,2025-10-12 12:52:00
906,U140,D08,Veg Thali,Lunch,1,90,2025-10-08 20:11:00
907,U012,D08,Veg Thali,Lunch,1,90,2025-10-31 10:11:00
908,U085,D03,Tea,Beverage,1,15,2025-10-10 17:28:00
909,U150,D05,Idli,Breakfast,1,50,2025-10-25 09:10:00
910,U109,D02,Paneer Roll,Lunch,1,120,2025-10-23 08:34:00
911,U158,D10,Shake,Beverage,1,70,2025-10-20 15:51:00
912,U098,D07,Coffee,Beverage,1,25,2025-10-30 09:42:00
913,U108,D02,Paneer Roll,Lunch,1,120,2025-10-27 18:43:00
914,U014,D03,Tea,Beverage,1,15,2025-10-29 13:56:00
915,U169,D08,Veg Thali,Lunch,1,90,2025-11-03 18:58:00
916,U049,D06,Poha,Breakfast,1,40,2025-10-26 21:44:00
917,U049,D05,Idli,Breakfast,1,50,2025-10-13 08:35:00
918,U019,D03,Tea,Beverage,1,15,2025-10-31 10:07:00
919,U169,D07,Coffee,Beverage,1,25,2025-10-04 19:07:00
920,U044,D10,Shake,Beverage,1,70,2025-10-07 16:51:00
921,U113,D05,Idli,Breakfast,1,50,2025-10-07 16:19:00
922,U189,D09,Paratha,Breakfast,1,45,2025-10-30 13:09:00
923,U024,D02,Paneer Roll,Lunch,1,120,2025-10-07 16:14:00
924,U150,D03,Tea,Beverage,1,15,2025-10-07 11:30:00
925,U160,D03,Tea,Beverage,1,15,2025-10-26 13:28:00
926,U054,D02,Paneer Roll,Lunch,2,240,2025-10-12 15:24:00
927,U169,D05,Idli,Breakfast,1,50,2025-10-16 10:28:00
928,U102,D02,Paneer Roll,Lunch,1,120,2025-10-16 18:25:00
929,U177,D08,Veg Thali,Lunch,1,90,2025-10-14 18:41:00
930,U056,D03,Tea,Beverage,1,15,2025-10-23 12:48:00
931,U107,D01,Samosa,Snack,1,20,2025-10-23 20:38:00
932,U152,D03,Tea,Beverage,1,15,2025-11-02 15:12:00
933,U059,D03,Tea,Beverage,1,15,2025-10-04 17:15:00
934,U068,D08,Veg Thali,Lunch,1,90,2025-10-26 16:15:00
935,U025,D05,Idli,Breakfast,1,50,2025-11-02 17:52:00
936,U023,D06,Poha,Breakfast,1,40,2025-10-23 15:03:00
937,U121,D08,Veg Thali,Lunch,1,90,2025-10-08 10:09:00
938,U053,D05,Idli,Breakfast,2,100,2025-10-07 11:32:00
939,U109,D08,Veg Thali,Lunch,1,90,2025-10-09 07:58:00
940,U032,D06,Poha,Breakfast,1,40,2025-10-05 07:56:00
941,U158,D01,Samosa,Snack,1,20,2025-10-10 21:07:00
942,U172,D10,Shake,Beverage,1,70,2025-10-20 06:36:00
943,U175,D05,Idli,Breakfast,1,50,2025-11-02 15:51:00
944,U182,D05,Idli,Breakfast,1,50,2025-11-03 17:18:00
945,U119,D01,Samosa,Snack,1,20,2025-10-09 09:26:00
946,U181,D09,Paratha,Breakfast,1,45,2025-10-28 11:41:00
947,U061,D03,Tea,Beverage,1,15,2025-10-12 18:22:00
948,U040,D03,Tea,Beverage,1,15,2025-10-11 14:09:00
949,U126,D09,Paratha,Breakfast,1,45,2025-10-04 19:56:00
950,U104,D04,Burger,Snack,1,60,2025-11-04 20:55:00
951,U045,D07,Coffee,Beverage,2,50,2025-10-25 17:49:00
952,U056,D08,Veg Thali,Lunch,1,90,2025-10-06 11:05:00
953,U155,D02,Paneer Roll,Lunch,3,360,2025-10-23 10:18:00
954,U185,D02,Paneer Roll,Lunch,1,120,2025-10-31 21:23:00
955,U187,D02,Paneer Roll,Lunch,2,240,2025-11-04 08:14:00
956,U158,D08,Veg Thali,Lunch,1,90,2025-10-02 17:42:00
957,U003,D02,Paneer Roll,Lunch,1,120,2025-11-04 20:45:00
958,U158,D03,Tea,Beverage,1,15,2025-10-22 18:13:00
959,U067,D10,Shake,Beverage,1,70,2025-10-30 20:52:00
960,U111,D07,Coffee,Beverage,1,25,2025-10-14 14:05:00
961,U179,D08,Veg Thali,Lunch,1,90,2025-11-02 09:21:00
962,U121,D07,Coffee,Beverage,1,25,2025-11-02 20:22:00
963,U056,D02,Paneer Roll,Lunch,1,120,2025-10-03 21:26:00
964,U074,D02,Paneer Roll,Lunch,1,120,2025-10-08 07:32:00
965,U046,D09,Paratha,Breakfast,1,45,2025-10-10 15:09:00
966,U019,D06,Poha,Breakfast,1,40,2025-10-31 14:26:00
967,U081,D05,Idli,Breakfast,1,50,2025-10-07 09:36:00
968,U013,D04,Burger,Snack,1,60,2025-10-16 21:58:00
969,U008,D03,Tea,Beverage,1,15,2025-10-26 16:52:00
970,U147,D03,Tea,Beverage,1,15,2025-10-18 14:34:00
971,U034,D01,Samosa,Snack,1,20,2025-11-03 07:07:00
972,U078,D03,Tea,Beverage,1,15,2025-10-19 06:01:00
973,U114,D01,Samosa,Snack,1,20,2025-10-10 12:22:00
974,U056,D08,Veg Thali,Lunch,1,90,2025-10-08 12:30:00
975,U043,D07,Coffee,Beverage,1,25,2025-11-02 08:56:00
976,U079,D08,Veg Thali,Lunch,1,90,2025-10-24 17:06:00
977,U194,D01,Samosa,Snack,1,20,2025-10-29 17:35:00
978,U023,D03,Tea,Beverage,1,15,2025-10-31 08:03:00
979,U075,D10,Shake,Beverage,1,70,2025-10-30 16:14:00
980,U126,D03,Tea,Beverage,1,15,2025-10-11 10:44:00
981,U109,D04,Burger,Snack,2,120,2025-10-08 15:45:00
982,U057,D03,Tea,Beverage,1,15,2025-10-07 13:15:00
983,U015,D05,Idli,Breakfast,1,50,2025-10-07 19:39:00
984,U064,D01,Samosa,Snack,2,40,2025-10-07 13:09:00
985,U097,D02,Paneer Roll,Lunch,1,120,2025-10-02 17:04:00
986,U191,D10,Shake,Beverage,1,70,2025-10-31 08:39:00
987,U045,D02,Paneer Roll,Lunch,1,120,2025-10-22 16:14:00
988,U081,D06,Poha,Breakfast,1,40,2025-10-19 07:05:00
989,U023,D03,Tea,Beverage,1,15,2025-10-14 14:07:00
990,U059,D08,Veg Thali,Lunch,1,90,2025-11-04 06:33:00
991,U165,D08,Veg Thali,Lunch,1,90,2025-10-20 18:51:00
992,U023,D03,Tea,Beverage,1,15,2025-10-04 09:40:00
993,U044,D07,Coffee,Beverage,1,25,2025-10-29 21:13:00
994,U113,D06,Poha,Breakfast,1,40,2025-10-19 12:45:00
995,U008,D02,Paneer Roll,Lunch,1,120,2025-10-01 10:29:00
996,U061,D04,Burger,Snack,1,60,2025-11-02 17:41:00
997,U031,D02,Paneer Roll,Lunch,1,120,2025-10-18 13:35:00
998,U177,D02,Paneer Roll,Lunch,2,240,2025-10-05 20:57:00
999,U121,D03,Tea,Beverage,2,30,2025-10-27 19:37:00
1000,U095,D03,Tea,Beverage,1,15,2025-11-02 21:42:00
1001,U053,D04,Burger,Snack,1,60,2025-10-27 17:20:00
1002,U034,D03,Tea,Beverage,1,15,2025-10-01 16:01:00
1003,U026,D02,Paneer Roll,Lunch,1,120,2025-10-08 07:30:00
1004,U080,D10,Shake,Beverage,1,70,2025-10-09 15:36:00
1005,U020,D08,Veg Thali,Lunch,1,90,2025-10-25 08:21:00
1006,U155,D08,Veg Thali,Lunch,1,90,2025-10-24 14:33:00
1007,U062,D04,Burger,Snack,1,60,2025-10-11 07:43:00
1008,U136,D02,Paneer Roll,Lunch,1,120,2025-10-17 11:29:00
1009,U150,D06,Poha,Breakfast,1,40,2025-11-04 12:46:00
1010,U076,D04,Burger,Snack,1,60,2025-10-05 09:26:00
1011,U043,D03,Tea,Beverage,1,15,2025-11-02 19:59:00
1012,U192,D03,Tea,Beverage,1,15,2025-10-04 14:21:00
1013,U002,D01,Samosa,Snack,1,20,2025-10-20 06:33:00
1014,U145,D05,Idli,Breakfast,1,50,2025-10-19 20:10:00
1015,U070,D01,Samosa,Snack,1,20,2025-10-19 20:05:00
1016,U115,D03,Tea,Beverage,1,15,2025-11-03 11:18:00
1017,U133,D08,Veg Thali,Lunch,1,90,2025-10-13 21:10:00
1018,U059,D08,Veg Thali,Lunch,1,90,2025-10-31 09:44:00
1019,U085,D08,Veg Thali,Lunch,1,90,2025-10-26 15:27:00
1020,U101,D01,Samosa,Snack,1,20,2025-10-30 06:51:00
1021,U176,D07,Coffee,Beverage,1,25,2025-10-18 19:03:00
1022,U133,D10,Shake,Beverage,1,70,2025-10-10 06:51:00
1023,U127,D04,Burger,Snack,1,60,2025-10-08 18:24:00
1024,U020,D03,Tea,Beverage,1,15,2025-10-10 15:54:00
1025,U121,D10,Shake,Beverage,1,70,2025-10-15 14:42:00
1026,U078,D08,Veg Thali,Lunch,2,180,2025-10-18 16:44:00
1027,U012,D08,Veg Thali,Lunch,1,90,2025-10-02 07:32:00
1028,U177,D08,Veg Thali,Lunch,1,90,2025-10-19 11:14:00
1029,U117,D04,Burger,Snack,1,60,2025-10-11 21:05:00
1030,U167,D05,Idli,Breakfast,1,50,2025-10-18 13:13:00
1031,U013,D08,Veg Thali,Lunch,1,90,2025-10-01 15:51:00
1032,U048,D01,Samosa,Snack,1,20,2025-10-05 09:05:00
1033,U107,D03,Tea,Beverage,1,15,2025-10-29 10:24:00
1034,U150,D03,Tea,Beverage,1,15,2025-10-19 10:54:00
1035,U150,D02,Paneer Roll,Lunch,1,120,2025-10-18 10:08:00
1036,U171,D06,Poha,Breakfast,1,40,2025-11-04 08:28:00
1037,U087,D09,Paratha,Breakfast,1,45,2025-10-21 08:58:00
1038,U027,D01,Samosa,Snack,1,20,2025-10-13 13:14:00
1039,U126,D02,Paneer Roll,Lunch,1,120,2025-10-12 07:42:00
1040,U048,D02,Paneer Roll,Lunch,1,120,2025-10-26 06:49:00
1041,U039,D04,Burger,Snack,1,60,2025-10-05 13:43:00
1042,U116,D06,Poha,Breakfast,1,40,2025-10-21 21:27:00
1043,U103,D02,Paneer Roll,Lunch,1,120,2025-10-21 13:36:00
1044,U137,D04,Burger,Snack,1,60,2025-10-09 13:31:00
1045,U080,D10,Shake,Beverage,1,70,2025-10-06 08:42:00
1046,U053,D06,Poha,Breakfast,1,40,2025-10-13 19:29:00
1047,U133,D04,Burger,Snack,1,60,2025-10-26 09:29:00
1048,U142,D03,Tea,Beverage,1,15,2025-10-04 09:42:00
1049,U017,D05,Idli,Breakfast,1,50,2025-10-26 12:05:00
1050,U185,D01,Samosa,Snack,1,20,2025-10-24 21:32:00
1051,U018,D03,Tea,Beverage,1,15,2025-10-21 16:59:00
1052,U134,D07,Coffee,Beverage,1,25,2025-10-21 09:41:00
1053,U097,D03,Tea,Beverage,1,15,2025-10-12 07:33:00
1054,U100,D04,Burger,Snack,1,60,2025-10-12 16:41:00
1055,U193,D08,Veg Thali,Lunch,1,90,2025-10-18 07:37:00
1056,U047,D07,Coffee,Beverage,1,25,2025-10-24 12:06:00
1057,U075,D02,Paneer Roll,Lunch,1,120,2025-10-27 07:55:00
1058,U087,D02,Paneer Roll,Lunch,1,120,2025-10-15 13:42:00
1059,U019,D02,Paneer Roll,Lunch,1,120,2025-10-22 15:01:00
1060,U093,D05,Idli,Breakfast,1,50,2025-10-05 13:40:00
1061,U035,D08,Veg Thali,Lunch,1,90,2025-10-14 16:34:00
1062,U165,D07,Coffee,Beverage,1,25,2025-10-06 20:18:00
1063,U047,D05,Idli,Breakfast,2,100,2025-10-02 14:15:00
1064,U157,D05,Idli,Breakfast,1,50,2025-11-02 10:23:00
1065,U021,D03,Tea,Beverage,1,15,2025-11-01 06:44:00
1066,U070,D04,Burger,Snack,1,60,2025-10-29 07:27:00
1067,U102,D01,Samosa,Snack,1,20,2025-10-31 17:16:00
1068,U116,D02,Paneer Roll,Lunch,1,120,2025-10-04 14:34:00
1069,U107,D03,Tea,Beverage,1,15,2025-11-01 13:57:00
1070,U138,D01,Samosa,Snack,1,20,2025-10-06 11:14:00
1071,U025,D03,Tea,Beverage,1,15,2025-10-19 20:17:00
1072,U130,D04,Burger,Snack,1,60,2025-10-15 15:21:00
1073,U133,D08,Veg Thali,Lunch,1,90,2025-11-03 18:02:00
1074,U033,D02,Paneer Roll,Lunch,1,120,2025-11-04 18:38:00
1075,U139,D08,Veg Thali,Lunch,1,90,2025-11-03 19:37:00
1076,U046,D03,Tea,Beverage,1,15,2025-10-01 13:08:00
1077,U043,D04,Burger,Snack,1,60,2025-10-29 06:14:00
1078,U188,D06,Poha,Breakfast,1,40,2025-11-02 06:37:00
1079,U125,D03,Tea,Beverage,1,15,2025-10-10 14:52:00
1080,U037,D10,Shake,Beverage,1,70,2025-10-25 07:44:00
1081,U159,D08,Veg Thali,Lunch,1,90,2025-10-04 21:27:00
1082,U153,D01,Samosa,Snack,1,20,2025-10-01 17:29:00
1083,U129,D05,Idli,Breakfast,1,50,2025-10-25 17:44:00
1084,U187,D03,Tea,Beverage,1,15,2025-10-13 19:15:00
1085,U149,D08,Veg Thali,Lunch,1,90,2025-10-09 17:04:00
1086,U069,D05,Idli,Breakfast,1,50,2025-10-15 11:38:00
1087,U199,D06,Poha,Breakfast,1,40,2025-10-16 09:43:00
1088,U089,D03,Tea,Beverage,1,15,2025-10-15 06:19:00
1089,U064,D08,Veg Thali,Lunch,1,90,2025-11-02 08:37:00
1090,U100,D04,Burger,Snack,1,60,2025-10-04 12:06:00
1091,U064,D08,Veg Thali,Lunch,1,90,2025-10-30 17:52:00
1092,U165,D09,Paratha,Breakfast,1,45,2025-10-09 12:03:00
1093,U159,D01,Samosa,Snack,1,20,2025-10-16 16:43:00
1094,U134,D03,Tea,Beverage,1,15,2025-10-26 16:57:00
1095,U187,D08,Veg Thali,Lunch,1,90,2025-10-12 14:56:00
1096,U056,D05,Idli,Breakfast,2,100,2025-10-06 07:34:00
1097,U042,D03,Tea,Beverage,1,15,2025-11-01 17:59:00
1098,U108,D06,Poha,Breakfast,1,40,2025-10-08 09:22:00
1099,U180,D07,Coffee,Beverage,1,25,2025-10-10 20:31:00
1100,U074,D07,Coffee,Beverage,1,25,2025-10-18 08:38:00
1101,U076,D03,Tea,Beverage,1,15,2025-10-29 07:47:00
1102,U170,D06,Poha,Breakfast,3,120,2025-10-28 07:41:00
1103,U116,D05,Idli,Breakfast,1,50,2025-10-11 13:16:00
1104,U147,D09,Paratha,Breakfast,1,45,2025-10-30 18:59:00
1105,U086,D05,Idli,Breakfast,1,50,2025-10-15 17:24:00
1106,U041,D01,Samosa,Snack,1,20,2025-10-19 18:49:00
1107,U036,D08,Veg Thali,Lunch,1,90,2025-10-05 11:48:00
1108,U121,D01,Samosa,Snack,1,20,2025-10-16 16:55:00
1109,U079,D08,Veg Thali,Lunch,1,90,2025-10-05 13:51:00
1110,U051,D09,Paratha,Breakfast,1,45,2025-10-24 14:03:00
1111,U181,D08,Veg Thali,Lunch,1,90,2025-11-01 21:41:00
1112,U100,D04,Burger,Snack,1,60,2025-10-09 10:06:00
1113,U037,D02,Paneer Roll,Lunch,1,120,2025-10-12 07:25:00
1114,U058,D05,Idli,Breakfast,1,50,2025-10-21 15:11:00
1115,U195,D02,Paneer Roll,Lunch,1,120,2025-10-28 13:09:00
1116,U017,D07,Coffee,Beverage,1,25,2025-10-15 09:37:00
1117,U045,D07,Coffee,Beverage,1,25,2025-10-16 21:30:00
1118,U123,D09,Paratha,Breakfast,1,45,2025-10-25 13:20:00
1119,U161,D04,Burger,Snack,1,60,2025-10-27 14:37:00
1120,U047,D10,Shake,Beverage,1,70,2025-10-21 20:22:00
1121,U067,D08,Veg Thali,Lunch,1,90,2025-10-05 12:08:00
1122,U057,D03,Tea,Beverage,1,15,2025-11-01 16:09:00
1123,U037,D08,Veg Thali,Lunch,1,90,2025-11-01 16:35:00
1124,U039,D07,Coffee,Beverage,1,25,2025-10-08 19:02:00
1125,U138,D02,Paneer Roll,Lunch,1,120,2025-10-28 16:54:00
1126,U194,D07,Coffee,Beverage,1,25,2025-10-09 06:00:00
1127,U168,D03,Tea,Beverage,1,15,2025-10-04 18:14:00
1128,U040,D02,Paneer Roll,Lunch,1,120,2025-10-12 17:44:00
1129,U032,D03,Tea,Beverage,1,15,2025-10-09 06:34:00
1130,U193,D02,Paneer Roll,Lunch,1,120,2025-10-05 14:58:00
1131,U062,D08,Veg Thali,Lunch,1,90,2025-11-03 21:01:00
1132,U099,D06,Poha,Breakfast,1,40,2025-10-16 06:38:00
1133,U192,D07,Coffee,Beverage,1,25,2025-10-07 21:27:00
1134,U022,D10,Shake,Beverage,1,70,2025-10-03 12:36:00
1135,U180,D03,Tea,Beverage,1,15,2025-10-16 09:31:00
1136,U050,D07,Coffee,Beverage,1,25,2025-10-28 07:25:00
1137,U105,D03,Tea,Beverage,1,15,2025-10-05 08:17:00
1138,U049,D03,Tea,Beverage,1,15,2025-11-02 20:24:00
1139,U015,D06,Poha,Breakfast,1,40,2025-11-03 14:13:00
1140,U006,D06,Poha,Breakfast,1,40,2025-10-09 08:03:00
1141,U090,D06,Poha,Breakfast,1,40,2025-10-05 09:37:00
1142,U030,D02,Paneer Roll,Lunch,1,120,2025-10-07 08:35:00
1143,U047,D07,Coffee,Beverage,1,25,2025-10-02 19:05:00
1144,U032,D03,Tea,Beverage,1,15,2025-10-14 08:50:00
1145,U193,D10,Shake,Beverage,1,70,2025-10-26 11:41:00
1146,U108,D02,Paneer Roll,Lunch,1,120,2025-10-31 09:48:00
1147,U057,D04,Burger,Snack,1,60,2025-10-18 11:32:00
1148,U099,D03,Tea,Beverage,1,15,2025-10-31 13:56:00
1149,U110,D08,Veg Thali,Lunch,1,90,2025-10-18 11:09:00
1150,U044,D02,Paneer Roll,Lunch,1,120,2025-10-07 18:58:00
1151,U180,D03,Tea,Beverage,2,30,2025-10-21 12:05:00
1152,U006,D07,Coffee,Beverage,2,50,2025-11-03 18:38:00
1153,U093,D08,Veg Thali,Lunch,1,90,2025-10-10 18:18:00
1154,U170,D02,Paneer Roll,Lunch,1,120,2025-10-13 20:42:00
1155,U101,D06,Poha,Breakfast,1,40,2025-10-23 16:35:00
1156,U012,D09,Paratha,Breakfast,1,45,2025-10-27 18:54:00
1157,U102,D08,Veg Thali,Lunch,1,90,2025-10-19 19:36:00
1158,U067,D07,Coffee,Beverage,1,25,2025-10-03 17:24:00
1159,U198,D03,Tea,Beverage,1,15,2025-11-02 12:35:00
1160,U182,D02,Paneer Roll,Lunch,1,120,2025-10-17 19:58:00
1161,U092,D04,Burger,Snack,1,60,2025-10-13 15:20:00
1162,U115,D08,Veg Thali,Lunch,1,90,2025-11-01 08:43:00
1163,U179,D10,Shake,Beverage,1,70,2025-10-24 15:49:00
1164,U078,D02,Paneer Roll,Lunch,1,120,2025-10-03 14:45:00
1165,U058,D05,Idli,Breakfast,1,50,2025-10-17 20:26:00
1166,U028,D10,Shake,Beverage,1,70,2025-10-10 13:57:00
1167,U154,D03,Tea,Beverage,1,15,2025-10-08 14:00:00
1168,U160,D04,Burger,Snack,1,60,2025-10-11 15:16:00
1169,U054,D07,Coffee,Beverage,1,25,2025-10-02 18:57:00
1170,U078,D07,Coffee,Beverage,1,25,2025-10-19 17:11:00
1171,U106,D02,Paneer Roll,Lunch,1,120,2025-10-09 16:00:00
1172,U092,D04,Burger,Snack,1,60,2025-10-26 19:43:00
1173,U056,D03,Tea,Beverage,1,15,2025-10-13 13:56:00
1174,U110,D09,Paratha,Breakfast,1,45,2025-10-17 11:26:00
1175,U179,D05,Idli,Breakfast,1,50,2025-11-01 09:13:00
1176,U020,D04,Burger,Snack,1,60,2025-10-03 14:27:00
1177,U046,D01,Samosa,Snack,1,20,2025-10-03 16:54:00
1178,U037,D06,Poha,Breakfast,1,40,2025-10-06 17:19:00
1179,U196,D08,Veg Thali,Lunch,1,90,2025-10-03 20:53:00
1180,U124,D08,Veg Thali,Lunch,1,90,2025-10-12 09:08:00
1181,U040,D03,Tea,Beverage,1,15,2025-10-11 17:45:00
1182,U146,D01,Samosa,Snack,1,20,2025-10-26 10:08:00
1183,U001,D08,Veg Thali,Lunch,1,90,2025-10-26 16:17:00
1184,U113,D03,Tea,Beverage,1,15,2025-10-18 18:17:00
1185,U091,D08,Veg Thali,Lunch,1,90,2025-10-28 19:23:00
1186,U184,D03,Tea,Beverage,1,15,2025-10-31 10:36:00
1187,U100,D06,Poha,Breakfast,1,40,2025-10-25 07:20:00
1188,U141,D07,Coffee,Beverage,1,25,2025-10-05 19:31:00
1189,U059,D03,Tea,Beverage,1,15,2025-10-09 17:38:00
1190,U110,D08,Veg Thali,Lunch,1,90,2025-10-22 14:05:00
1191,U148,D05,Idli,Breakfast,1,50,2025-10-11 20:08:00
1192,U149,D08,Veg Thali,Lunch,1,90,2025-10-07 11:53:00
1193,U186,D01,Samosa,Snack,1,20,2025-10-11 20:39:00
1194,U181,D08,Veg Thali,Lunch,1,90,2025-10-03 09:13:00
1195,U067,D05,Idli,Breakfast,1,50,2025-10-21 21:55:00
1196,U017,D04,Burger,Snack,1,60,2025-10-11 13:33:00
1197,U089,D03,Tea,Beverage,1,15,2025-10-29 15:20:00
1198,U016,D01,Samosa,Snack,1,20,2025-10-03 09:49:00
1199,U056,D07,Coffee,Beverage,1,25,2025-10-17 10:45:00
1200,U047,D01,Samosa,Snack,1,20,2025-10-27 18:18:00
